rec_id,stage
ODJ0HKc0Vq.npy,W
6q78aBibSV.npy,W
iTrNBWkgm5.npy,W
eDizgkIT6N.npy,W
OKql19s74U.npy,W
slinDR5sma.npy,W
6n4FRv5pBF.npy,W
gdAZaWX3Mx.npy,W
RRo2o91Cyt.npy,W
aZVQc39P2l.npy,W
TSfLsU03eB.npy,W
rKWJwiZ5S6.npy,W
3RHdOZcEhF.npy,W
PvSSjj7NUe.npy,W
OFb7Yf5OS7.npy,W
HZEH4X3MUl.npy,W
0Gfy7Fu4Rk.npy,W
Q4RsCnvlAd.npy,W
emrVDJYUhH.npy,W
jY7nEBHdeE.npy,W
uvFGmMxoFR.npy,W
5Vm8ugYU3f.npy,W
toCJ0lcvcM.npy,W
b5mjZ8lyBM.npy,W
VZLB4fE5j6.npy,W
fblaes8ImS.npy,W
jUjXoV9HDc.npy,W
jhKjelkeyb.npy,W
FaIFwfNeNI.npy,W
C7jNtRusYD.npy,W
kquy37N52I.npy,W
f9KsD5yqET.npy,W
yyYUhqlcGp.npy,W
Zn4gGMsvBa.npy,W
VH0ZLWCQdE.npy,W
ATFDM83mjn.npy,W
qYBwn7mcuN.npy,W
H4eP2bBmzs.npy,W
j1Fw4G0OyY.npy,W
ebTjpN1LVY.npy,W
a9Gqa8Gfcp.npy,W
Pjbo1MEAK3.npy,W
eS4YYxEtI2.npy,W
nW0Di3mu4P.npy,W
AmDPCLqXYk.npy,W
q5D4TygskP.npy,W
VccMgy34rY.npy,W
Nzz3dXUOz0.npy,W
7Ujf50AvoK.npy,W
oRsG5dgane.npy,W
62uLeidqTZ.npy,W
i6eAmy5Ide.npy,W
A7APWpvj8q.npy,W
Lo0UJjV5IA.npy,W
CRYudNFe4p.npy,W
YyEdz5Q94l.npy,W
j0kSkKZb5C.npy,W
Ihmp2qGP4I.npy,W
BSCKq4xaHc.npy,W
tXOGjmOIER.npy,W
WsbGoPN2TC.npy,W
hDJxsN9xFH.npy,W
j9K2aCvT0b.npy,W
iq3g82Ku48.npy,W
Qh3MRdi9lM.npy,W
4k9qGEfVzI.npy,W
CHPWkkTyvF.npy,W
J5B7fX38z7.npy,W
tgtWwb8B1q.npy,W
2M9puXb2bg.npy,W
BlpRMxXWkQ.npy,W
Yn0ABcsZcw.npy,W
fEKNx2IUQv.npy,W
Hq3XBEZiRe.npy,W
fJz4oQtqnZ.npy,W
p5dT4R8Zd4.npy,W
fwWP2WjlyZ.npy,W
zt64gCHR9P.npy,W
MNTQT9rFWL.npy,W
J3qx4UgyYM.npy,W
0Q3VCvbrcR.npy,W
dzMXqIoi33.npy,W
rfEgmUGq4e.npy,W
VRnzqnVMtL.npy,W
SEpxEaaVs6.npy,W
4vyRkNW2Fa.npy,W
Vy2WLz4G7z.npy,W
zpHh6GaAtC.npy,W
gJkzp6ayPR.npy,W
UGalc40AUl.npy,W
zOUbBGcGJ4.npy,W
hcsT4Dr3ky.npy,W
D7ZiyWC5zL.npy,W
ZrpasyYoVy.npy,W
n8bjEJ7O9k.npy,W
Id1Stca0ZW.npy,W
Hr2FobjwX5.npy,W
8PgG7oWGuF.npy,W
61LqYojJGx.npy,W
SYv1umBg5b.npy,W
WTB2o6APRk.npy,W
KnWYr2hUV1.npy,W
fBVnj4ajXm.npy,W
065z86R0hI.npy,W
S1MGr9m01K.npy,W
1ogtXOj3Tr.npy,W
KPBU2KhyXu.npy,W
xAnZp0SRWG.npy,W
P72qbJQ0a4.npy,W
NtbbuA2Bdq.npy,W
5qnVj3g5cY.npy,W
1lVdwdQJae.npy,W
sPKkUP6AWa.npy,W
2n6NRqjOAQ.npy,W
lQIJ1DCh9i.npy,W
B8IBYCMckC.npy,W
qMRlLOD97n.npy,W
2JAYrNPa8r.npy,W
ibhQetNp94.npy,W
sPkP8rAm6G.npy,W
fHEQqCQknc.npy,W
JsJutWP5Bu.npy,W
yYqQxIQ0fZ.npy,W
wwyNGZuPXR.npy,W
KGPMLULAXV.npy,W
MQd5p429mT.npy,W
l4jsUhZ0fF.npy,W
yjL8GqNRqu.npy,W
Kux7TOGiBA.npy,W
F8v8gp1ufH.npy,W
yCH0hhYOQj.npy,W
vpimLYStSn.npy,W
WaHVPO7lHz.npy,W
mG0S5Op34N.npy,W
pcsoZJ7q6w.npy,W
VslkF319HK.npy,W
mUpMw9zPbn.npy,W
o1syBbISI8.npy,W
bnMVpmv5ka.npy,W
j1HfYo5R7G.npy,W
1ZVqjKvLYt.npy,W
ETVKiNZ56I.npy,W
8CpW0s6nUF.npy,W
oJtcYA0Dj3.npy,W
BFrJLJjDaP.npy,W
tHYSkOfsgv.npy,W
WeNcwccxO9.npy,W
NOm2mhCY5b.npy,W
OAxo4exaM7.npy,W
YQ7Jh8oJbG.npy,W
DTZG7gTZQH.npy,W
Qd75XnABEH.npy,W
ViLryhGu3L.npy,W
5ZI0R3CbWz.npy,W
YtdC17BYjg.npy,W
VJ32MOJAqz.npy,W
D2yHqCiM9A.npy,W
BGnheBKvSQ.npy,W
5OLDKO9jWM.npy,W
iaeTEx0pdX.npy,W
Ig9QBj4Aoi.npy,W
JaybOE3gDU.npy,W
1JLYF2VzYj.npy,W
ja7pL827Hg.npy,W
JXIn6SC3HZ.npy,W
gYQyivUzGZ.npy,W
xbj0YDGw66.npy,W
bMcDn5CN0F.npy,W
WAoOXVBjkq.npy,W
DDrLgWkYFh.npy,W
pd9p2igfj0.npy,W
MJG2bUB52a.npy,W
h8J2Ifhusr.npy,W
Z8DLZ4cBqe.npy,W
fsPusWOJ9m.npy,W
c3jSfYvGV2.npy,W
qW5LNVNkzI.npy,W
jOJIso2Las.npy,W
A1aggRtQRw.npy,W
epLDVCSMGd.npy,W
MYW3DXnVQH.npy,W
264umHsYqG.npy,W
CuxMi4xUFu.npy,W
jBwttV8qcp.npy,W
qYYFeo4fyZ.npy,W
M9oOaCky85.npy,W
l8UcKGNFUl.npy,W
89WX67T2qZ.npy,W
0Pc06MvJz6.npy,W
XA7MqaltVG.npy,W
ZDVLfQgEL3.npy,W
bqBSdFghX7.npy,W
ToIGUVI3cJ.npy,W
BB8271YovT.npy,W
FXJenOzJ8N.npy,W
cu0hMNfQYH.npy,W
h5FrEdwK4D.npy,W
Liqk3iAgdk.npy,W
QS8hJFLeKQ.npy,W
Uml5kJjVVk.npy,W
DplmUbLnxg.npy,W
WsTdoRiO1P.npy,W
yPCQwxOFle.npy,W
oh1EHpTnjn.npy,W
X1yJ6mQaDH.npy,W
T1pOxbR7SA.npy,W
WGPNfPyI88.npy,W
wBwJY8cmHb.npy,W
X3mztJx77r.npy,W
L17P6B2kAz.npy,W
KZgFDUVZAf.npy,W
4R3L7N0Obz.npy,W
IKUzzdKnbd.npy,W
PWwGlqQPke.npy,W
F5koJNGqVD.npy,W
UccqzVpAz9.npy,W
4ZwLt3HfHx.npy,W
yiRlSZgWnf.npy,W
yyUsxKiG8x.npy,W
L90GOzgjkB.npy,W
oIXxBQ9HWQ.npy,W
qPpXqA2xQd.npy,W
Nd8SWDWU9E.npy,W
0F0PDYFeU0.npy,W
Oqdj2aY5Ed.npy,W
qnSLfpjqOv.npy,W
S5KyRPffYM.npy,W
wLYak60XOE.npy,W
72dvYKUzuA.npy,W
XDmFV8d301.npy,W
0jYo6XIqa6.npy,W
qnpTX6BY4f.npy,W
IeApxholyo.npy,W
g0V6e0mwpa.npy,W
vaJasYkubW.npy,W
oPObXS3q2w.npy,W
QalvR3B5we.npy,W
0rHNHVR56R.npy,W
JB3xqwaTku.npy,W
1Apueqdchn.npy,W
u3OHlD7imu.npy,W
p7DQQdRPzr.npy,W
ngIZYqQ301.npy,W
g0Dx1x1Mm5.npy,W
w1gaYGHAcL.npy,W
6ZwE1XEGtl.npy,W
HNvWGeqqAa.npy,W
eQOfwFcm4c.npy,W
TtwYbHX1KQ.npy,W
yvDPGEiOx1.npy,W
9ll8x00xK4.npy,W
KGaKGNb3lJ.npy,W
MqqgFf3cDM.npy,W
5hEC5TApPP.npy,W
VrOZZf1apq.npy,W
eLTPVKy1iw.npy,W
q9Iqjzc8q8.npy,W
Rf0bbVfP59.npy,W
Kfan4hUCF3.npy,W
oahVaHLJ7U.npy,W
dfd5pm3gOs.npy,W
1z04oE2EG4.npy,W
fZVi2Q6w9f.npy,W
hgSfMH2RsT.npy,W
rxbXFC03hv.npy,W
sRhx9YmKUR.npy,W
QCmg6WKOHU.npy,W
LpBQvyJPJK.npy,W
Sea7tPjNTU.npy,W
NpQJe4T0C9.npy,W
OV0fcbkfyT.npy,W
imVN4LxE0Y.npy,W
Ha89QhcaNZ.npy,W
cZdcaCFGGk.npy,W
X84tVd0L1A.npy,W
xZYYpPm59C.npy,W
OeKxjnomWX.npy,W
6lkEvbntUL.npy,W
PAFUkfJAad.npy,W
O2XuYoeWuH.npy,W
PXpejY8kKY.npy,W
IDGXnWEI2M.npy,W
q4czwikreA.npy,W
IT3ZN6D33g.npy,W
QY7dYE4RlF.npy,W
Rw34NYNFnz.npy,W
uwkXegbyjt.npy,W
mTPvKQdG9U.npy,W
4c8dK7xSMn.npy,W
0fv0Y0wKLO.npy,W
AXKl8HNrUG.npy,W
cxb1CVuqKv.npy,W
L5vf9gPmmT.npy,W
B88XP3AeNk.npy,W
hloDySLUlR.npy,W
PGkjm2YOC6.npy,W
6EgLyJ8I5Q.npy,W
FF4iCcQO3E.npy,W
uTnuR6J7Vt.npy,W
5IhqYghuqi.npy,W
1Yv7gQHWU6.npy,W
LxTiKLYDGW.npy,W
hipSZd0FBf.npy,W
CgfJ2aUCYY.npy,W
rYpiF3RxKw.npy,W
u3GW0FUErL.npy,W
CB0a2qcwq2.npy,W
PIfhkPtgeV.npy,W
yUcXqspdKv.npy,W
3yh3jgGHo2.npy,W
reqsfndL1v.npy,W
LWIqK8RoNZ.npy,W
goDBCKXJwt.npy,W
9y3ir3Fmhh.npy,W
0WcQb3uNy5.npy,W
CC0S9aI4NI.npy,W
S5QKnzaDxV.npy,W
FUToiq8tvo.npy,W
4SXf1axjSl.npy,W
ElsYSA1bWm.npy,W
0xohhCxQmt.npy,W
7ABGXqRlqr.npy,W
2cacfzZdwx.npy,W
4q98t5NiN4.npy,W
JaVLBgOXij.npy,W
a036OuW3D2.npy,W
IPfYlW2dgX.npy,W
PSqiGdYokd.npy,W
8H40mmIq0B.npy,W
U8v9NqUq1v.npy,W
15WsoihLej.npy,W
Z1DNk0gdPU.npy,W
glj4zXbWby.npy,W
YOU2j0brPq.npy,W
tmDczex3PU.npy,W
u8kEr0TlbN.npy,W
mrITzHvbb9.npy,W
SlggHRgQFq.npy,W
oNIVKN6qzY.npy,W
wLpUEjV5IH.npy,W
Tz0eNvxJcB.npy,W
vT8lTEPGYq.npy,W
MMhpwZJslG.npy,W
AUZE1bzteS.npy,W
d98Pk6syhh.npy,W
j7NDKMXP6K.npy,W
nQ6t8ObDln.npy,W
HHWxebGLBe.npy,W
3nY0GOLPwx.npy,W
aTF2PBqlGf.npy,W
re1V0CyFG4.npy,W
FGjhKY638D.npy,W
7tV9vAci3P.npy,W
vDkTLGxxMl.npy,W
RthdUiVx3i.npy,W
9D3hTeEVTH.npy,W
73uDrK6TgC.npy,W
IpiS34sHfG.npy,W
hdlbNEI2oe.npy,W
a4Vr4fHxcw.npy,W
stNCkZtAqu.npy,W
6HSIsssfmh.npy,W
vxOGpolqoT.npy,W
U5PGBEp4rW.npy,W
dxAIdtIE2R.npy,W
ckkL75yMuW.npy,W
ZGwGA0kAtr.npy,W
YYqZqvRTiA.npy,W
HzremKq7E7.npy,W
tKfjXsAN3c.npy,W
DmDLKouQvO.npy,W
tQ89ErvpIN.npy,W
KWOOmrRzUO.npy,W
NKjgbEuHSy.npy,W
h8JYW17Wjx.npy,W
OqOtNGRjVr.npy,W
3fq1N0UF8n.npy,W
6e8K22XoZw.npy,W
6q3ouuyaw9.npy,W
4Ovg48ffNb.npy,W
4J6ZzPcvr1.npy,W
u0Lc4K6nQd.npy,W
DCJl899Qmg.npy,W
x9HnNgJ7Nz.npy,W
XaB9zxrG40.npy,W
cP8Bi0aUJf.npy,W
fikqZc0uSY.npy,W
E1SlThjjzY.npy,W
Mani7J0h6v.npy,W
HcRE2O2Kwt.npy,W
D35eoCew02.npy,W
vOwGw540f0.npy,W
8z2X7VfXFn.npy,W
lAHXGc8JK5.npy,W
BP3G3FDY1Y.npy,W
vxH7EHp1Yz.npy,W
ehE8ATJo0t.npy,W
fL4zWevq3N.npy,W
VQCDWLYmJP.npy,W
IULwgIsAZg.npy,W
WRwYL9hHKI.npy,W
0LsfllTAXp.npy,W
yYkGM43B1N.npy,W
drUd1vUUfF.npy,W
tejBmqCz5Q.npy,W
IGbTIPilvz.npy,W
NDuroWSTeR.npy,W
hsxzKaGhZ4.npy,W
39HEG8nC7a.npy,W
s2XYQ9lLzu.npy,W
flafdDqXV2.npy,W
0a7ndVCHbq.npy,W
Tm5bm6B17d.npy,W
4LccTJmOfO.npy,W
nv63RapX4Z.npy,W
kQ0eRd8MMB.npy,W
nLmUCCVxPR.npy,W
JNotgjE1Wt.npy,W
1XRzyeGZNM.npy,W
xvPbUHK2Xj.npy,W
rvo52OO3PM.npy,W
qoiOq6fZa4.npy,W
ERuj39sHN7.npy,W
S7wncPXLLa.npy,W
xQhoFv9c75.npy,W
wo7xKnVKBA.npy,W
QZD3EO0Qeo.npy,W
nNHkgsEpjB.npy,W
R9LrGA8LR6.npy,W
RloHinZkGQ.npy,W
cvl1Uih08f.npy,W
G2xht87mde.npy,W
Mx4xt8fRge.npy,W
oM9J9k9bOQ.npy,W
IFKbpSzmqo.npy,W
CBCvKjqKfR.npy,W
0OyPEKzbp7.npy,W
RFP38kLskf.npy,W
Z8VDD5DTym.npy,W
rlydZjXNlo.npy,W
1HpKErxT4N.npy,W
e4fKm3upGb.npy,W
erErthZMEv.npy,W
uliHvR7SVY.npy,W
AawzBhu9yF.npy,W
bSCggH0xuS.npy,W
PyRCj3PXio.npy,W
5OXgtVVLXe.npy,W
tWMbrX3jLe.npy,W
QJgZpV1spg.npy,W
L4qdr5bMHl.npy,W
zqSNCqaVuH.npy,W
lzB68X4mbL.npy,W
DovDBXnW2R.npy,W
i44seWT1m0.npy,W
ASbQf5QO1I.npy,W
29ohrDeUHA.npy,W
6nqeduU7tL.npy,W
0ygWd0Ljtw.npy,W
3WwToIqxhk.npy,W
xNTHAGLurm.npy,W
X6LWB8aZ2r.npy,W
RM167Wt8gV.npy,W
zBLxUdTNQ3.npy,W
VGMYQznCGi.npy,W
zOlmbEtp0j.npy,W
6kQMsnSVEX.npy,W
9FC1rZLsrB.npy,W
SQ6iRrCW21.npy,W
Babk67GnME.npy,W
feQdwp1QEQ.npy,W
DYDJHCuLDH.npy,W
IK5MU5E9bS.npy,W
6mMLKwZqhb.npy,W
4lJ24UVX2Y.npy,W
fP14tILJBb.npy,W
OFa1Roy8yX.npy,W
D7rjuLTpI7.npy,W
wzzUlIZbvc.npy,W
pUv26OvKSL.npy,W
n0qaXYfEmr.npy,W
yIC5eh5JkT.npy,W
5VQVEtoKFg.npy,W
qquvBj7aUV.npy,W
PQ86pLzzsz.npy,W
Ycjnf5VYtf.npy,W
v87FyDBugH.npy,W
GQ0D1I3h8i.npy,W
QJ11NdJcz1.npy,W
Hr7GnmALix.npy,W
PpSDut1G4S.npy,W
vSepgcgIb1.npy,W
fyqJ5sHT8L.npy,W
BtEcDZHdx2.npy,W
rE5KzKGY1r.npy,W
fh6Hy62cRf.npy,W
BF5PLC9HqX.npy,W
mF9tHlrjHz.npy,W
LhkCXOP0Ak.npy,W
53T4IPyjYG.npy,W
5mdxhYhUcK.npy,W
Z5gQq2mErM.npy,W
29cBMePRPO.npy,W
zl7iz7xpUl.npy,W
PJtzn94uqn.npy,W
PDn7y7cJM0.npy,W
4yGnLowHja.npy,W
bBMKRewp8J.npy,W
a5I4TOer7C.npy,W
D1ajX00xHi.npy,W
g7b3gOKqpZ.npy,W
Wr6n93Jg5r.npy,W
RPRnpU9K19.npy,W
gwgDueyNAO.npy,W
YJYdIYrPvz.npy,W
zb0FaYuLHr.npy,W
7qRWa8aB9H.npy,W
TQ6y5ekZ8g.npy,W
P9awAyaku4.npy,W
4xONewKDZI.npy,W
NXdXacnJ0Q.npy,W
EYesNigb97.npy,W
DfFiN6AO7Q.npy,W
yjkz9JTst1.npy,W
6Fu7thf515.npy,W
OMus2fhHJi.npy,W
1JdLEC7peR.npy,W
KXypxaUF1B.npy,W
mqdaAL6lJo.npy,W
AWFe3Og91a.npy,W
ZP4LmAfrUA.npy,W
qwkjoU0Qyu.npy,W
fypXTqJVYW.npy,W
uXquUK5eIQ.npy,W
7vL9xPVQEZ.npy,W
m0WR8BGv1j.npy,W
6GmmAm4RLm.npy,W
KdN5jOWZgl.npy,W
NOuuXsrR6h.npy,W
h7vdejZcAQ.npy,W
EB9fRgb6ch.npy,W
RtQyRIoIOj.npy,W
lL0Vj8lkxt.npy,W
jipXPNkUqA.npy,W
E5bDpDS2fc.npy,W
hR34cbuhL1.npy,W
7KTboYpz0M.npy,W
chGk7K5YM3.npy,W
V0fLSYrxBi.npy,W
SubgzjdXzZ.npy,W
9IIIvMMxjX.npy,W
fDjQ2mAOod.npy,W
7SLfwGUo0J.npy,W
odmtHoCL4y.npy,W
RKhPq1JaIj.npy,W
yrVnFNStdP.npy,W
nPGPyb05gx.npy,W
vWOFjORNOV.npy,W
nWbCczaUxP.npy,W
EU3Ostkd71.npy,W
6zpChWugb0.npy,W
CL6wptryXv.npy,W
fjp6uP45kd.npy,W
4W9R7TZGjI.npy,W
j6qxhTzyIO.npy,W
YF1vP02ZFJ.npy,W
xmFKA0siUZ.npy,W
cPTpf1vTmI.npy,W
zTRXmDme62.npy,W
OPZ8hzeei3.npy,W
4wxb5eai5W.npy,W
ncmc4NhIVO.npy,W
13y0CHZZlT.npy,W
6KnvWTVp9F.npy,W
BpQyhBnEFp.npy,W
JmuaFrjthi.npy,W
OoDIiZNpZu.npy,W
8b5Ir2DwGk.npy,W
vAxlo71Q7s.npy,W
RxheG5NlGT.npy,W
l7CyqxVNxp.npy,W
FDorOLxiWA.npy,W
QPY5y26kU9.npy,W
Ef3CZoALqA.npy,W
uNjGGanFGP.npy,W
qSEZGkhFhQ.npy,W
xngJPq3Rv9.npy,W
LSigEtdTD6.npy,W
dIpg1UoV8j.npy,W
zAhSNIQ1ag.npy,W
RgCluWFL7L.npy,W
3JqLtSgHuS.npy,W
0yjW8K5ews.npy,W
YjFiiPID0w.npy,W
nvX5MGtjtf.npy,W
9s9uDaTTWA.npy,W
lrsFj8arMX.npy,W
33fAesTxjh.npy,W
256EVGIH92.npy,W
xUmHN6xMWA.npy,W
jjMmdQrjhs.npy,W
fTlAxlF9B1.npy,W
A93DYj5KRX.npy,W
NzpxQN5pHx.npy,W
Ov2IscRqYH.npy,W
9JxcnrxOaq.npy,W
wJaF2r7edq.npy,W
vNZKwTpNc8.npy,W
myO8xUjcbb.npy,W
BgKICXW0so.npy,W
F3lRpZu7Wz.npy,W
TwLPDmSn5W.npy,W
K098KH68CM.npy,W
dnkwvbSA6c.npy,W
My79eDEHbq.npy,W
vCvjtC6EoE.npy,W
UUKjrYpj59.npy,W
KSjCpB5gpR.npy,W
3OUSRuRlpL.npy,W
kNpTeYqqBV.npy,W
V2fFjc0BEz.npy,W
Ly7lZaIZaG.npy,W
wBVIonn0IK.npy,W
CH8bpfZrRr.npy,W
8Cn1dRS1te.npy,W
vtKyC3MHV7.npy,W
ddOUo22Pt1.npy,W
VkXCxuuXd7.npy,W
ZuXGCacP41.npy,W
i8My69E9hk.npy,W
lRn92Lnf4K.npy,W
EejBxEgCJb.npy,W
m7ZEnlbtgh.npy,W
OfJp6LjTlD.npy,W
8MRHtdSlb5.npy,W
i3Wu0sT5Qn.npy,W
cyhhIdg7Tg.npy,W
ZcbmBBOyAT.npy,W
RvlClJYbTC.npy,W
tgWKpkqyt1.npy,W
caEErluV0Y.npy,W
6bOyf1LnFd.npy,W
PxoyezR7wz.npy,W
PO0JpixvRR.npy,W
QSba3MitPN.npy,W
seJkFJeSgx.npy,W
gV2I9YFJa8.npy,W
DovpfQuau1.npy,W
P0ekXDT0ee.npy,W
Jkasj5Ntw3.npy,W
EhRJZe3zVk.npy,W
9n65nwBlFF.npy,W
926mwDcGi8.npy,W
omFPv3p5r6.npy,W
XRDmiry5kb.npy,W
5adyM926jQ.npy,W
H7YIeIGw0l.npy,W
Ou7LaBWlre.npy,W
Xq6fG6HTmW.npy,W
thCEXlRago.npy,W
f4bW5YcV8C.npy,W
kg1HOvZLAB.npy,W
joTaPDPuKX.npy,W
Dj3HIEIYLW.npy,W
pMMRhP7gsC.npy,W
y613ZlQLJU.npy,W
eD8rtkQY5d.npy,W
tDJuC6FWJI.npy,W
0AzSK4xBhX.npy,W
YJi2iYOW6Q.npy,W
CzMs2MZx2I.npy,W
G6ozJOtgET.npy,W
77N4yg7RjC.npy,W
akEcidKGZG.npy,W
6cqGfkRZQM.npy,W
BjvfzCPjVg.npy,W
Ltrw0jwubl.npy,W
7Ob3KTsyxJ.npy,W
SrF7xaODpj.npy,W
Qf8fLZvKam.npy,W
UtnQg2QFR0.npy,W
oONOKbmjFP.npy,W
K4ZSxbbJAs.npy,W
C9IxgcxmC1.npy,W
2KMGMjvhqt.npy,W
bg2O0a46eo.npy,W
INkI4gHCCt.npy,W
0ZBAwKBJ87.npy,W
UDpA9wSzBC.npy,W
Jun1FMgyKC.npy,W
TGUVpC5dgE.npy,W
JWOca1G1IU.npy,W
Gfi1pkdSe8.npy,W
RHcl28XgjL.npy,W
tAy1kZ0OSE.npy,W
8WIjgcJbmu.npy,W
EGpyF87lKW.npy,W
1wfcGPuKa5.npy,W
1Sr5PtQcl9.npy,W
rdtHYb784D.npy,W
w7mPP6YMHt.npy,W
z2eirvWfNB.npy,W
diPHumyj1E.npy,W
UKUHQQJLb8.npy,W
bNbFieNBuV.npy,W
AZYYsF53pc.npy,W
NaI0fUey42.npy,W
U9frOlPCD4.npy,W
HSBUo3iykG.npy,W
s1dQ8qPHWa.npy,W
tKUtfyRM4E.npy,W
1u4oJz48DG.npy,W
aiYRDciQKs.npy,W
USHiW0sgJV.npy,W
U14epRmbWe.npy,W
WuKf5j55UN.npy,W
LWEogeP0g0.npy,W
GE5MuT8LCD.npy,W
lDqTWNiqhy.npy,W
guI5jEGXAv.npy,W
ZwLrL5U5vl.npy,W
JYtuP6Lm4G.npy,W
j7AEG0hqSf.npy,W
osCCwF0AOO.npy,W
uBByaDzJ9Q.npy,W
Yo5vyfmrTV.npy,W
dVi9LSpSrM.npy,W
bCiNsBn2uK.npy,W
pdf5J1UWvD.npy,W
VeHIwGeNAI.npy,W
pM20P6x7Nw.npy,W
n8Znlq5MZi.npy,W
MbkckadfHz.npy,W
nqLeuOWVWB.npy,W
GP2fXUErQQ.npy,W
XnFML2Ak61.npy,W
3yCLfUxcRD.npy,W
ySePgRTVkS.npy,W
EnqUVSU07W.npy,W
eVTJQdkGwf.npy,W
ZFCbmdoELT.npy,W
m28FAJAmzW.npy,W
0ZmyMzskMJ.npy,W
G6vZM1LD0g.npy,W
1hrjWoH899.npy,W
06aMFf4WiO.npy,W
w3XyLCtlMO.npy,W
m9zoftULkt.npy,W
2lydk7LhHH.npy,W
yuOSJ5kEXs.npy,W
DH2XOCyTeN.npy,W
9d0OIdChP6.npy,W
JTMZCaN525.npy,W
QEitcMlPT3.npy,W
0He4cvCRB2.npy,W
OrRBLqTDsI.npy,W
SprvtZpN0b.npy,W
ZyuYVI5NaJ.npy,W
maLiXo1z6P.npy,W
rTAlcS9R19.npy,W
R5ONF7wiKk.npy,W
YSACFtNWZJ.npy,W
Ot2ps7WRBu.npy,W
xk2KKwXVzz.npy,W
wzJ164JK2Y.npy,W
TbWozKeVrh.npy,W
8ltlIp0hv8.npy,W
quznJgkp0W.npy,W
czzYW77RWA.npy,W
HN6lEheGUR.npy,W
juTFxK0eEF.npy,W
tzsufefHxV.npy,W
kNzgvGcaYM.npy,W
fv3ZxQA1bJ.npy,W
h8Q4C9EjXK.npy,W
T8sDRamzMN.npy,W
WSDRpHu87U.npy,W
Hfy1zj1RJh.npy,W
Ql4nhIWItC.npy,W
gN5YAxpfZY.npy,W
8B35wbl1nq.npy,W
aoveraByys.npy,W
Ycup1uJsgP.npy,W
L3wWq6TIdZ.npy,W
CUPX4AM50L.npy,W
OkDp49vdwK.npy,W
gkXCuRZFos.npy,W
IbXiNvBEGm.npy,W
2sow9eM0sb.npy,W
a0kLvH2q3B.npy,W
PS39NLW0qh.npy,W
qWVE18yJLH.npy,W
kXyyCoS0Ie.npy,W
5tpZ5p3Krx.npy,W
AYibmzMh7Z.npy,W
nXgL1wPzL7.npy,W
tSVVGVVqYR.npy,W
W1p2SviNhP.npy,W
SUwdW4G5lS.npy,W
HnbOcwuCzX.npy,W
mJbSFszdOT.npy,W
N8qG00r9rB.npy,W
bc8YHnPjc2.npy,W
fD7mCNdPTm.npy,W
UZuLkLgiza.npy,W
fkI4EtFtUh.npy,W
SIuv9GQluz.npy,W
qFVkeV0DB2.npy,W
y7f9jUnpg4.npy,W
aNtxlOKFqo.npy,W
nnJEP0zzyX.npy,W
hcBlzrD2RU.npy,W
P08cvnVJ6w.npy,W
gSHfpyLZuD.npy,W
uHtpAfz8XT.npy,W
BpIi6WM9Np.npy,W
VO8YlY5Q2c.npy,W
h4bpcF3uZk.npy,W
34Xcnce4kv.npy,W
DFbWL53Ihj.npy,W
e6d6fezm0I.npy,W
KdajS6jms6.npy,W
kbTpm0rinW.npy,W
ddr9NTJqtw.npy,W
uR7nETVKtq.npy,W
U15KQP9k2g.npy,W
X6jBWn8Zdr.npy,W
lvoXyAAqqS.npy,W
bXNHfWv5Ch.npy,W
vwOQHyFUng.npy,W
RZPKkWtUSL.npy,W
tpqMRzrkwF.npy,W
4QTX11X43d.npy,W
pCUrcbx50o.npy,W
XyZuAuCjOo.npy,W
zDlpbAjaaK.npy,W
gJIayytl1u.npy,W
SaJbhCVA8F.npy,W
HwHz85movc.npy,W
W8ukXWuXtN.npy,W
9jlVA1puJ8.npy,W
Jmi5O0yJrV.npy,W
nsad8MULP1.npy,W
XPtxhwcDnH.npy,W
vEGK3vUuUp.npy,W
FoU209N1Ak.npy,W
8Mls5CXSJS.npy,W
NnWazChPRc.npy,W
YbWmQxotZb.npy,W
eAqDvxgMuE.npy,W
EsWbXFfOXN.npy,W
tqhG5dJ3zo.npy,W
btKLbT2VMX.npy,W
GnsEcPZgon.npy,W
NnurTTvLtL.npy,W
BFba5YEnaw.npy,W
cv07odonfH.npy,W
xlILxNs0CF.npy,W
xjhqZI8kHn.npy,W
HNGZtKtUXe.npy,W
3YwpHdldWe.npy,W
QLA5j9astH.npy,W
iaBlpHAzjA.npy,W
p6AqiN4LwR.npy,W
8EtCXnes6Y.npy,W
NOKh9Ganfr.npy,W
mqAGz6lsJg.npy,W
1W6uGihw61.npy,W
ErlKJ5DiXQ.npy,W
R561TvkaF7.npy,W
lELxTLuiFB.npy,W
ooVYKz4wO6.npy,W
yx3912QTuQ.npy,W
CmtBHa61a9.npy,W
h6YyjvEsHf.npy,W
ww4lmAKjng.npy,W
DIQTkcCRkK.npy,W
QIU7QNbFfE.npy,W
KNkxjcj6I3.npy,W
Sy4l3ZpTzS.npy,W
vHstRpRqvZ.npy,W
w4jKt5NaZj.npy,W
4kQUxxoApZ.npy,W
a2uH1cEGUL.npy,W
FeYdn2srdl.npy,W
nKRFp7A3AE.npy,W
qNCFNWioyK.npy,W
E4WdyJnT4K.npy,W
EWpzQox9XJ.npy,W
NGJA49GTHA.npy,W
SmObwPGXWj.npy,W
lrPazbafr0.npy,W
dEnjyWMA7V.npy,W
7LYc4f1Gy9.npy,W
Ol6VBVuvXA.npy,W
lMPdDdQRFH.npy,W
pygAt4vwmL.npy,W
AcXphSLXnN.npy,W
CS4zrMwvD3.npy,W
bvYWgQsqdz.npy,W
eV9Pc1DWJm.npy,W
2uUPZYA0jk.npy,W
O1FsCuIFC3.npy,W
2taUytkuuI.npy,W
htRUtJ8Aci.npy,W
9FhJ76Kon0.npy,W
K411PkZjlz.npy,W
EcIiZWuUGs.npy,W
mdiH5MEqTH.npy,W
8qGcImisYb.npy,W
ZKQ3ysB9xw.npy,W
VkFB1b3eu5.npy,W
iJloqnH162.npy,W
47zM9BpYHc.npy,W
sIRJR2pdPS.npy,W
EjKrVjxY9i.npy,W
JDlNTgB4iH.npy,W
kRCgcAcd54.npy,W
zCdOZAQ49h.npy,W
KH21AHcl0e.npy,W
a7BVyG8OmZ.npy,W
xJ1nkPvgbH.npy,W
FIQlhtN9vC.npy,W
l60JU62XZi.npy,W
3UIHTqk1uA.npy,W
AU2n7mJsbt.npy,W
PeX6V1LUVs.npy,W
kwsxaaDz1l.npy,W
dvcB5rd9dF.npy,W
pW5ESEXrHg.npy,W
Kym5a0Rnf8.npy,W
KW9uAsSCml.npy,W
L2TUfQ80fV.npy,W
soCCaE8G6j.npy,W
QSrkOBZoIQ.npy,W
ncdqLPsftj.npy,W
FFr5o0p8Im.npy,W
O9rVEVt09E.npy,W
Wz6o09zQUX.npy,W
824WhGW6ul.npy,W
XtLIxl1zsx.npy,W
aIEAoxmV7o.npy,W
9xcbjUKJUG.npy,W
eoW3bQK9Fu.npy,W
2y8FlPm2dH.npy,W
2908XlpWGV.npy,W
jbBvWjG5S3.npy,W
mZUttXViWi.npy,W
RVXnjWLae6.npy,W
9anXIWF2Wv.npy,W
Q0q6XGPgT0.npy,W
AW83VXlPUY.npy,W
DRFiwpfsIH.npy,W
KD8buOutZO.npy,W
xA3J4gGOGD.npy,W
elSa9vOG9v.npy,W
BY0gJwc7yl.npy,W
zj5J0W98hL.npy,W
hqYCpbxf68.npy,W
VS0YZbgJ4Y.npy,W
PVPzPDP96x.npy,W
duil0hOzAO.npy,W
BVa9EVizxK.npy,W
paaVPtoC3J.npy,W
sz2KMPKPi6.npy,W
FsLWyh4PT6.npy,W
9fIQuSZCVw.npy,W
skeqnhXuYV.npy,W
m9Y2MGdaUf.npy,W
BtMZtFetzi.npy,W
J1OGVeEdwQ.npy,W
yMfHibjeGo.npy,W
UIvDarSpYz.npy,W
WkT7bBdwIR.npy,W
GVdlV9evTr.npy,W
6LLwF8JtcP.npy,W
R4EFX7ikOl.npy,W
PkCBwXtkP7.npy,W
azpym9chxW.npy,W
zitaaGrVQC.npy,W
457cHxlVyX.npy,W
Fq0GSuwViy.npy,W
hubTb2xrmF.npy,W
cr5hJSfaUz.npy,W
q79jqhd95U.npy,W
PhIGDM4IaT.npy,W
2GCzS9cCWv.npy,W
4h23TKk3Ql.npy,W
stRCHMbkhS.npy,W
bwMvOS3GdL.npy,W
QOPuv2PphP.npy,W
GnLewlnzMo.npy,W
607ZJHcJzu.npy,W
ucRlVnZOws.npy,W
I3HcU0r8BE.npy,W
KOXY5YuGbd.npy,W
yptKFwgVwh.npy,W
ujaJFKiZC7.npy,W
uDec20gLqw.npy,W
b6TGaxf8DH.npy,W
G7tSK1Itmc.npy,W
Q0Cx5umIj4.npy,W
9zNcfiHXEP.npy,W
i3JbhAbcoW.npy,W
JwXxq5Utjy.npy,W
3n3QMeGkET.npy,W
100kFsH47f.npy,W
MeoFFvL8nt.npy,W
WlbHSkSc1O.npy,W
WksBztc4gq.npy,W
wME26S8qQW.npy,W
62POA6Rjpa.npy,W
SySZzle7Jh.npy,W
weDghOY6WH.npy,W
ff5wG8MpC1.npy,W
DXMoSc4JPl.npy,W
d3Q4N8HmFk.npy,W
KL3O4AlGD0.npy,W
jwYqE4voOk.npy,W
P141GVOXIP.npy,W
oD4FRMDRwI.npy,W
BVVwgfyYo1.npy,W
PjrB6X7N6N.npy,W
Vp6isRiWF2.npy,W
qamFcUOyqZ.npy,W
xmADccoUoe.npy,W
DceBPGPf4J.npy,W
SJhH5AbqCc.npy,W
isnk084Spb.npy,W
9f3qbDfSf1.npy,W
K3DYLuY83n.npy,W
2srRzdm3Bn.npy,W
dERTDkOlWa.npy,W
FPUALzR4oe.npy,W
opxpi8j85S.npy,W
LOqh0qRj8e.npy,W
jSoXO8hpIq.npy,W
zOxG2aQGJ6.npy,W
tQ4dtHSm4Z.npy,W
EdS29DLCVi.npy,W
lfrhAkFrtI.npy,W
PH20a3FgQD.npy,W
qpRWqc9VVS.npy,W
2DmQyAFntS.npy,W
WrHEr9rnCu.npy,W
qUo3qHOzPZ.npy,W
iReeoJdohB.npy,W
4tcCAotCT5.npy,W
abpCxADbnv.npy,W
8kF1LXc4cV.npy,W
MTeseAh4BP.npy,W
WdfxervzKF.npy,W
qh4kgYU36X.npy,W
STmh54BA19.npy,W
ADewEhQ1Ib.npy,W
JRF9Qb7uC0.npy,W
LEM3KceWK0.npy,W
hXjDgnbK87.npy,W
OuK2ZhTpG2.npy,W
NHHUTfqlZj.npy,W
dXKqDzJHbP.npy,W
NPc9UjXjVt.npy,W
ZNXKMW8vIH.npy,W
RqaIFNopYU.npy,W
hUpOBdj3lf.npy,W
Khq3kb56og.npy,W
f11zNn61N5.npy,W
YvCA0jeEaW.npy,W
CMNS6FaqKt.npy,W
WULKEMU71G.npy,W
2hsD4Nnvn0.npy,W
0EKrCULa1Y.npy,W
Acy6NLHSI9.npy,W
tCvip1zxiZ.npy,W
wFalrmnWUs.npy,W
mUvs1JzcmA.npy,W
G8IjyRrgjR.npy,W
GDLRsJxA6t.npy,W
4iaQjKvRxe.npy,W
1Uj27TxdCy.npy,W
xPKj4XMNy1.npy,W
k7V52ac75a.npy,W
meSQtURbc6.npy,W
oDbQOBs3gJ.npy,W
RtQoNWEd5H.npy,W
fwYcxt94vY.npy,W
CZf1L5YOQB.npy,W
neXwGU6vC9.npy,W
QiNqYTUEH6.npy,W
m3szTPwa5h.npy,W
xfzR6Ta7MM.npy,W
5vbXMR6GtN.npy,W
n1M1thDAbs.npy,W
uVTeQKmLYG.npy,W
i7m2NJQOSV.npy,W
rAl7opEDHt.npy,W
ueDQsgU2Jt.npy,W
T9iyxaq39o.npy,W
vHRKY9GwMv.npy,W
dqxVOleRTP.npy,W
YZOfRdupqK.npy,W
KkpxRddHOp.npy,W
frX9SZGrTX.npy,W
MSmhsWxfrl.npy,W
eWYg4hJq4O.npy,W
kylQ1PLnGe.npy,W
gULcPQz4O1.npy,W
Hm8jAppAJu.npy,W
F5odGZONtE.npy,W
WCC5gxKx8j.npy,W
EawcD3OMTr.npy,W
OE57WmIDEy.npy,W
8eN5DYvI7P.npy,W
zWRKhQBHRs.npy,W
KKdNGVq9Ii.npy,W
IjbJCiv7ES.npy,W
kr9UsKpz73.npy,W
IstbPTFPo3.npy,W
DQIbe6KUMN.npy,W
sZmLICSWVv.npy,W
pRpapWQO1s.npy,W
3rScZfP6dc.npy,W
pBf1yiNi5z.npy,W
2z8enAN01X.npy,W
Lav50DrYWc.npy,W
d1Ub0YKaWi.npy,W
nl02nBia7h.npy,W
CvJclDzFIT.npy,W
Ka5ZVgi2cp.npy,W
nCoyVY7WOr.npy,W
lSUwlY5zP8.npy,W
HJyZfO9MTm.npy,W
t861PBzkmr.npy,W
po6CffjLnZ.npy,W
bD2IcxHDC2.npy,W
EkzDZMV2r1.npy,W
GHz6H1gnfF.npy,W
DTlAlDymmR.npy,W
M3eVwPSXME.npy,W
OW9hPuwo4D.npy,W
LlDsIAfPR3.npy,W
PcCNv8N5Bk.npy,W
6fUCHAq8dz.npy,W
8PxeSWPjyX.npy,W
V7RWpLNZqe.npy,W
dHavVFF8PK.npy,W
eBarNmIjND.npy,W
J5XYgaGI8S.npy,W
NJZy6tWo4I.npy,W
Mtp1Z4BByl.npy,W
MZUJPI0Dgz.npy,W
MK2uzHXQmg.npy,W
HlLtvUAlcN.npy,W
84oIIn115r.npy,W
XY4wQ1aOFw.npy,W
oC2nXrOHVU.npy,W
Ow7Yz88i5k.npy,W
oGmvm3JIBD.npy,W
ZKxo8kGkOW.npy,W
Nhm88s8mHl.npy,W
gtlhClLqtk.npy,W
loSy4JH8Pz.npy,W
gCpL0Qvems.npy,W
Ak37tbiBX3.npy,W
Rjq8ge88B3.npy,W
etWlRr8dni.npy,W
mUfN3nhinl.npy,W
taPLHQxXH7.npy,W
9LR5NCNc4Z.npy,W
ArLIPHdacb.npy,W
f49U3AJVGV.npy,W
nvpByC1yBV.npy,W
XgcMlNKe6X.npy,W
nOGU8gNuVn.npy,W
WywVAWXX57.npy,W
oTyZtfaTzu.npy,W
ePRszxexgD.npy,W
9Ost4Ic5t1.npy,W
5LiUpeI1s1.npy,W
QgZzlHbVtx.npy,W
6SaSibgPYU.npy,W
YtXxyOxO5W.npy,W
SBltMK6hZ5.npy,W
twqOnHEo1w.npy,W
aTEh9W0sVu.npy,W
J7s2YKcwGM.npy,W
UU991xFPo6.npy,W
mAoGx9772p.npy,W
r6KwwS13s1.npy,W
Xs6ubBsnkK.npy,W
sh7CkD5urY.npy,W
wmB2STBIV8.npy,W
zSZbIaDQdb.npy,W
lxGO44NZaP.npy,W
c8kXEJuBd4.npy,W
xfocN5b02R.npy,W
VLxghB9hQS.npy,W
z7e5wWnypL.npy,W
4zDDUpX4Pf.npy,W
VTrtAP7rTi.npy,W
CWoqXhrUYl.npy,W
8NKw9PJHvi.npy,W
lPXVZXdmXM.npy,W
Vir9eHdsEj.npy,W
PomJNZyjzg.npy,W
yzFyXn3gnT.npy,W
IlAqJFw4De.npy,W
kuRkQIA6JR.npy,W
NtQ9GgfgcM.npy,W
qqvuvM1MQG.npy,W
CAv24eFVaQ.npy,W
cUSIdyrotu.npy,W
x0wN1TRAin.npy,W
WKHMXeRIxa.npy,W
zC9iVcPe4k.npy,W
eZQ6p9xZ5M.npy,W
jhVkKn1djh.npy,W
QszFUWu0G0.npy,W
fZ5bCC8keG.npy,W
AhA6oVg9mZ.npy,W
JGfWjdKOwm.npy,W
BBV7dLHKQ0.npy,W
rKFMYU9IuI.npy,W
0mi1bNwvJy.npy,W
zXr5sy4dJ7.npy,W
ohI8CUR3nw.npy,W
OU1GnbjVQI.npy,W
3rwxGgNh94.npy,W
jIryaYrThL.npy,W
Xk0qbiSHyw.npy,W
nOytUtkU1d.npy,W
MiAV1wDEXv.npy,W
WDF8HLOODc.npy,W
yfeqfqizJ1.npy,W
JDKI9a9vCr.npy,W
LYcKTftKxB.npy,W
KfMhnxSfhm.npy,W
Mw8LJHTtRF.npy,W
N2BSfVlOVu.npy,W
dA076LsY7L.npy,W
x7UoBTk9Cm.npy,W
nFtw9NA5fK.npy,W
87rB0OSNs6.npy,W
S5fwXr6sIz.npy,W
3qDqOcdkHV.npy,W
EC8GQ03rhP.npy,W
1hMVP0XnGK.npy,W
r78CrczQxz.npy,W
A6sTfYmT0A.npy,W
0zn1aQq1nv.npy,W
IhfAmVYD37.npy,W
yczaCv3auP.npy,W
lscYIuGInR.npy,W
tKYETJLGrX.npy,W
Kgd6yDCjAB.npy,W
c7M4KEDOoc.npy,W
eB12oOnHe1.npy,W
uiZiEFzS4i.npy,W
512bDV0sqr.npy,W
pnINjtbmnG.npy,W
qsqYHloGEb.npy,W
3IHudRYQNW.npy,W
VzZapYa1aB.npy,W
D6hn9qLsKv.npy,W
XbVJcSayo6.npy,W
ZExfsVtOUN.npy,W
zii4fEXFh5.npy,W
egmwJFzbgY.npy,W
6E7xRK2L7W.npy,W
VmyyiMPDdZ.npy,W
G4rbjBCWDJ.npy,W
sERnaAvN75.npy,W
TasDGgkQhc.npy,W
u0Dw1RYTnl.npy,W
VuogyS83Qj.npy,W
DfngbT6jwd.npy,W
36U7MvNb7N.npy,W
QGElBq07Hg.npy,W
hmIOHQlwsI.npy,W
D2u5sioUUu.npy,W
cKRitgxYrF.npy,W
F8xdqPNj24.npy,W
7UnHoljjTZ.npy,W
4FsArNe9wu.npy,W
ZwHJT6Wc8q.npy,W
N1VY42SGqy.npy,W
mXpMdWSkPq.npy,W
DEdpONdH93.npy,W
DmLsR8ig7G.npy,W
unFpwSp4ck.npy,W
0w6Wy7FNC1.npy,W
ZowZBz5a9H.npy,W
iNq5J6w2aA.npy,W
M8f17a9Zdw.npy,W
nNHOsOAcV3.npy,W
HXLopBbJ6g.npy,W
sfsEfsvRcb.npy,W
lTwqj0FLT6.npy,W
PtS90APv32.npy,W
9mWfEXeXET.npy,W
U55Ce1m0jC.npy,W
8u1ZGdYzC3.npy,W
21lFXfEqM1.npy,W
iQc79xaS1o.npy,W
n1DoDMW1u1.npy,W
OUKFfMWLYA.npy,W
9Y40jeL7W9.npy,W
Ci0ZuwcupV.npy,W
xM5fcgl16D.npy,W
iPspsRTHqu.npy,W
wzc1cNDND3.npy,W
7Inqo4wEkr.npy,W
ntRdIVF4hU.npy,W
gS0S2arHsa.npy,W
VTpW7VeHHy.npy,W
mfcp9CzRk4.npy,W
Sm6qXy0L2G.npy,W
DAoAtoSgGE.npy,W
hKTkGQ0MLY.npy,W
DffoMZOxR6.npy,W
hBLan2y6ki.npy,W
K5vfu62B2d.npy,W
SiBwVcdnXU.npy,W
kTxdq5Cb0K.npy,W
2jGh3DZmad.npy,W
MCMVd9wZTQ.npy,W
4LdMiznGfr.npy,W
uIJzXFt1Mj.npy,W
MIMXrx7jzm.npy,W
SYq5ytcG0U.npy,W
GLzlluDEIL.npy,W
Wv4eTBnHHR.npy,W
kh30C78izu.npy,W
4iADsNmqB2.npy,W
MAKc0zvnRy.npy,W
c5ofWdaTVA.npy,W
rFKOmR4gbt.npy,W
oBX0uqbL1Y.npy,W
iRe7v8PfKE.npy,W
rqlM8huk3C.npy,W
zH6ro55EHM.npy,W
neNYAYHR15.npy,W
9cQ8n5Q0Q8.npy,W
fSP07h1q7a.npy,W
udJRZAmRPd.npy,W
Q6z5gbkjqw.npy,W
qi439od6ht.npy,W
8DmzeMM8FK.npy,W
ltG7RxQ8WU.npy,W
Cv9muJYbkI.npy,W
6duynOJumm.npy,W
29mradt3UM.npy,W
oeGVw7FGIx.npy,W
UiLvNK5y14.npy,W
hSdDtw6W6q.npy,W
1AQhMVkkpt.npy,W
UuKR2GvaZC.npy,W
njSb52GGH4.npy,W
vr0WSqcRhs.npy,W
YgNiZs5ViP.npy,W
XrPE3pu5fK.npy,W
u68lxykTjY.npy,W
PCevp6GHiK.npy,W
2SD6kfYpv0.npy,W
GdRsZ4qQWb.npy,W
ZKx5ooQqgQ.npy,W
HHFnXXTFbV.npy,W
5SunBokQnt.npy,W
oy5OdSFcny.npy,W
zoAbB9xXCl.npy,W
o6L9qkb6qV.npy,W
r1siSVQJ3Y.npy,W
MYHFG59C8P.npy,W
CRqHhxRw1h.npy,W
hY0j3qqLr7.npy,W
mXXTU5rfrJ.npy,W
yMfUkuRiWy.npy,W
6AcRHAVdk4.npy,W
GNu9sOIwqf.npy,W
XsF9NO5CYt.npy,W
7NxzNZ7Ic3.npy,W
NeCbuU826N.npy,W
EuiPJBXfbg.npy,W
ccqDR5E0dc.npy,W
Pdl2rNI0Bf.npy,W
69K2ZmsdZI.npy,W
L62O9zMrIz.npy,W
SNbmuhg6jN.npy,W
j3hR0IOWdv.npy,W
VCnSQLJO0d.npy,W
rCfnZOXBan.npy,W
jDaiLUo3fu.npy,W
5ZrLZXf5Qs.npy,W
7Tqf6Zhi6O.npy,W
e4010w2b43.npy,W
PkJpeZS7Mu.npy,W
mZZBvPMwN4.npy,W
2s8DQbxZqo.npy,W
sTl6ZfjXVe.npy,W
XKyrUOA0Nz.npy,W
czwJFK0YDe.npy,W
GmGUw0XxEs.npy,W
JoIAc6krwX.npy,W
8yv2yqSwbv.npy,W
BIVw77sH5v.npy,W
Su9j0r0JCJ.npy,W
9mh8VTtYwb.npy,W
8J2nHxjy7b.npy,W
CByzTMwOul.npy,W
lwm7wn63iC.npy,W
8ODMN4VSho.npy,W
TfEEMYfXcY.npy,W
rrdGMQ0dUH.npy,W
MYFC4fUAG2.npy,W
UPTLGcwPl8.npy,W
rZ4JGeNt0k.npy,W
T3X96FL9ev.npy,W
C9ONPFc4V2.npy,W
yXM4CWMg95.npy,W
Cb4CBPR62S.npy,W
ojMOIRWil1.npy,W
g0slawrDgw.npy,W
wJ62nUs1jM.npy,W
Cf5gyfStpQ.npy,W
8KHbPZxLX0.npy,W
F9JC1BMPip.npy,W
z7K3O9fpCU.npy,W
AXL7UOrbBE.npy,W
TPBqpaEXF0.npy,W
azGxufrvXz.npy,W
2TwlOXbIbR.npy,W
n2KlKAubPC.npy,W
Cu481uEGXa.npy,W
692RKzd793.npy,W
nI9QJhwn7d.npy,W
UHJjdUtfsH.npy,W
cMHt830qCV.npy,W
m3yt5ejbCq.npy,W
9YtgUjua9k.npy,W
h33gSI4SGH.npy,W
pEClbY7hMl.npy,W
PzESqYXZjJ.npy,W
yL2AsY2v1q.npy,W
8F5zSL8d2F.npy,W
HIqKgzk8Uh.npy,W
ikwv6juhMA.npy,W
S0am8NMcd6.npy,W
EXRIJIHjWc.npy,W
y9HiwSx5dx.npy,W
B3kDkLhC5a.npy,W
yiGhTsju1w.npy,W
YLGXrNIm5H.npy,W
UO0CRO0aJp.npy,W
xYfFIfiika.npy,W
1kcdEhDwBu.npy,W
4kIHW1hqFw.npy,W
t9GoImvT6W.npy,W
1kfRMLdsb0.npy,W
GsMdOv0jcJ.npy,W
LMO90rS9ix.npy,W
uPkBeKVUON.npy,W
4FjsRwDY1g.npy,W
XoGsImfFlo.npy,W
gzB13PzXZW.npy,W
8zDs4ZXilU.npy,W
dtQLAQ4Jp5.npy,W
UzXWMngoC5.npy,W
3pdzkUiZmp.npy,W
6fx5GmVMfD.npy,W
nCDW1fbMhz.npy,W
FCRcIXIjQv.npy,W
j4GoSosjT1.npy,W
FPvMy3Q2KA.npy,W
FCEnDKTrL9.npy,W
68b187h4TD.npy,W
idVJM1Uiqv.npy,W
XtQj1HcUVr.npy,W
0ppXUKofeB.npy,W
60VBCJgNK3.npy,W
4jCIKtfdI6.npy,W
cXVsugsquz.npy,W
hm87XlPcU8.npy,W
IAnSEZVKgG.npy,W
dSz9uge8lb.npy,W
0eY9d9IlLa.npy,W
d11yxTTbYG.npy,W
MKhBhDcLri.npy,W
qlegqdxeYY.npy,W
IJZ4X0N1wq.npy,W
LJSVQOe0li.npy,W
feB6wkxaTg.npy,W
yaHK3TvgK3.npy,W
9iC9a3vedv.npy,W
3FtDkp2C6i.npy,W
FUWlLz2GMH.npy,W
BvwOtGJ3x2.npy,W
9J8hln3Qzh.npy,W
obw6CKGMQJ.npy,W
fXTXoLzCOo.npy,W
FAS4zkkVMh.npy,W
A5b36YDhQ5.npy,W
HM93M0Nwhf.npy,W
8KuqlTUIOy.npy,W
pVryvvpkTo.npy,W
zPl79muQjO.npy,W
QZpx93omkD.npy,W
CouNpVslmL.npy,W
7HRHyOxDUc.npy,W
1ooH0MCEVN.npy,W
21RUL174xg.npy,W
JUzes1klcq.npy,W
hnFzw67htJ.npy,W
g8HPfKYSny.npy,W
JZuZpWfHfh.npy,W
5AmRco3MT7.npy,W
T2oH3QXPY7.npy,W
BfmE5Feboz.npy,W
yUlYYUNghy.npy,W
Ibk7Q9Ell3.npy,W
yNiYJObjym.npy,W
lPJZQQEwte.npy,W
vWA0Lzhvwc.npy,W
LJZodBm9AK.npy,W
KEJ6fwXmh5.npy,W
6gTlhsObno.npy,W
xOHNicIDES.npy,W
ahsv6Swye4.npy,W
mZ5LodVhi0.npy,W
eCgtHAGry7.npy,W
8BYa5jpcS6.npy,W
59zhLNTtUM.npy,W
cFZEjuwOgx.npy,W
e1GZHKcWWM.npy,W
OoN6wpbxQX.npy,W
t41y4syhha.npy,W
YnxbbpIW86.npy,W
uLLkEebjtM.npy,W
gphT2QoBZF.npy,W
GF2PEmLnDA.npy,W
mUJV6fTVnh.npy,W
cQZKaxD1Tl.npy,W
qiC4Ks0W7c.npy,W
1XkuLDNvaY.npy,W
ZyPfymtK0d.npy,W
xC9mO6MjEG.npy,W
N5j9G8ORa2.npy,W
FNlYT4gkYb.npy,W
lBQOdbm9Ty.npy,W
8LoT9Q7yax.npy,W
UKEo5M6LpD.npy,W
IrPVFTgT23.npy,W
Oz4byGX7Lj.npy,W
61Ce9z2SHQ.npy,W
3RuV5Rz42r.npy,W
3qZ9LWa7jZ.npy,W
8lyXv4Pkgs.npy,W
b8obYp9hmk.npy,W
UaN8KcSngL.npy,W
uC3DmYrIPU.npy,W
16SXu5DccB.npy,W
R1Jv9X09l7.npy,W
6gyknUktZ3.npy,W
aLwJHi3BLX.npy,W
uDHECHEg8x.npy,W
ndAece5veD.npy,W
YCEFjgWFK3.npy,W
rWY0Tvf7w1.npy,W
eLUMxqhd0E.npy,W
sDy7qGIE6q.npy,W
bwGanoJydS.npy,W
LbsuW5qgmo.npy,W
rwHE0ABCZy.npy,W
RgcWxEnlcl.npy,W
U1XnjxisDa.npy,W
bo8hIudNE8.npy,W
1gDE67fvNa.npy,W
4hRAJQrLZw.npy,W
icDLJdZhow.npy,W
KrKz3tVDgm.npy,W
UbFMpKgDTu.npy,W
n7KIfDLTao.npy,W
9XSzgzqCD3.npy,W
T9FdwJ0UH7.npy,W
6oChn4wgsF.npy,W
YzE7EgRBST.npy,W
zOBSifpiwH.npy,W
4g1GhtAoY4.npy,W
MFXfq1Dgb7.npy,W
bFoOGRjuzA.npy,W
y3iN25r8MV.npy,W
l9voPvlSAM.npy,W
EJs5jYQvG7.npy,W
IOotTCVVrv.npy,W
E8Tu81dDV5.npy,W
IRsRGWdxiZ.npy,W
ODlQWm2l9m.npy,W
xG45Cn93La.npy,W
mWjelrhWLY.npy,W
CEMzOOSeZX.npy,W
2jFn6K1izi.npy,W
tQTsXEvSyR.npy,W
zLYLL5bvoq.npy,W
yCenSe2HQq.npy,W
NW5Ttygubs.npy,W
B08JK0ily9.npy,W
jEBBWUhari.npy,W
OpT4GluUJj.npy,W
LAkVxewJze.npy,W
gFXy5qYgKL.npy,W
DDCzcDh76m.npy,W
FFbBeEc8SH.npy,W
97VUU0Ff3m.npy,W
i9mTQFMUK8.npy,W
DAFCI226Tu.npy,W
TthIx3GVXl.npy,W
q8nvGClEi0.npy,W
j6Xblk7a7e.npy,W
bMnVqqaoGf.npy,W
S4N3hZ3u1S.npy,W
saiLHfRmEB.npy,W
tJVjpe7QRC.npy,W
wAnicKfDC4.npy,W
oCPGfUz02G.npy,W
pnZLBg2lgy.npy,W
T2kcQuFhXM.npy,W
F0m7BtM9XT.npy,W
BR7KtZavXe.npy,W
Ooxc5CFLqj.npy,W
bZiSo060Mo.npy,W
YC7Bm5rUTZ.npy,W
ItioRycQKc.npy,W
uzNPw5ZhZO.npy,W
x3fCs8CkAt.npy,W
GJrzbkswUd.npy,W
bRMwSKIcdD.npy,W
1Eo57KELYt.npy,W
Zj8jgpN0Le.npy,W
3Mz4sjcAQI.npy,W
7I7UywUY0J.npy,W
cvGeJCe5HZ.npy,W
30RNu0mjCI.npy,W
aPOJbhy6ly.npy,W
sw5jQK0UPj.npy,W
a0YCOk2QWx.npy,W
bCB9cjDbKn.npy,W
3EjM1Ib740.npy,W
Do7i5QZblE.npy,W
50lENcMUDj.npy,W
lwOPClj2ZM.npy,W
4ePsAmozPQ.npy,W
26x3uhR8G1.npy,W
MgW0IDVJG2.npy,W
w3Gn0uzs0k.npy,W
8gZw3C6uhf.npy,W
aYH5bcpgpy.npy,W
3qDISmgRPY.npy,W
wEgAE5Bhb0.npy,W
1wzXzTlT5w.npy,W
PDZy7v3hIC.npy,W
nMgYY83AWH.npy,W
JccAHf5i37.npy,W
T4ypxCcSaF.npy,W
5c3HtsdtdA.npy,W
siMTkxuoDZ.npy,W
wprwZs0UTE.npy,W
9GCjpVmOTG.npy,W
3NBXg26qM5.npy,W
MNDlaCTQMZ.npy,W
ZMB96Yrj94.npy,W
ak0j7T08ax.npy,W
A1lnWQwn1V.npy,W
KqVnUw8cf9.npy,W
4KSZnBQb6Q.npy,W
ceC1JIoZtA.npy,W
tGpM19rvos.npy,W
mjZJYckYtt.npy,W
l8ySPk6XVI.npy,W
UO0phtkU8l.npy,W
VeoYyZWJWH.npy,W
VzZSwQumVr.npy,W
1wz0anUom7.npy,W
pWPIuuzZ22.npy,W
DZ4ztmfzj1.npy,W
o8MSRd5UXA.npy,W
Q0qyGph4j4.npy,W
YvDqPus692.npy,W
7V6TJWOgQd.npy,W
bPZNHkPFLQ.npy,W
VBDyvzByPv.npy,W
XtjK6vSYnv.npy,W
bKSsfgK2QR.npy,W
kgyBJ2WBod.npy,W
87f12w5NJ5.npy,W
F5KRji0m97.npy,W
Ookk5p1kGk.npy,W
ncUjilqMeR.npy,W
vkBlSPGObR.npy,W
Jmfy40joGh.npy,W
3MWjiX56ZZ.npy,W
VIUj2Exyil.npy,W
AQNX3mrM7V.npy,W
dHcpujJEL4.npy,W
FOwBahSoJM.npy,W
STa3NoGzTb.npy,W
KyJX5mWfP1.npy,W
ArhZfhiVqs.npy,W
9AwUOlPhSu.npy,W
MJZerEoYNu.npy,W
Mr3sfWNg4z.npy,W
nC2bBG8Cp8.npy,W
CvdyNqABKQ.npy,W
KRT02I5LXn.npy,W
ShbJvZufjL.npy,W
Tyl2y3r9A7.npy,W
fL7rmkwCfV.npy,W
zdKadqfEBY.npy,W
UODIKD1VPD.npy,W
QGUMmE1U8y.npy,W
hCelFX2oT8.npy,W
Xtry7BnBod.npy,W
nADqxzszAc.npy,W
B7NRApsjUC.npy,W
ieNVkEbfSv.npy,W
DfM0TEB4Ak.npy,W
jgm5Qof3Yj.npy,W
RC8cu7DUn9.npy,W
oeASvA4j8a.npy,W
WGFUg9hpXF.npy,W
DeTvZc2ppp.npy,W
AzXR4vML56.npy,W
EG7lBsXAXi.npy,W
QqozyKLlnD.npy,W
3hJYsdTQ33.npy,W
cmxAUPuVA7.npy,W
Nn6YBAi2fZ.npy,W
sznA4wRWbr.npy,W
hq06gRBOXT.npy,W
Akreb73aFo.npy,W
jhkKDOGuBL.npy,W
Qzgq14EYgo.npy,W
dn8y9RiRkA.npy,W
AW4dQRaMHQ.npy,W
9Kb2sDApIX.npy,W
GolSVjplFX.npy,W
RB7BTm7c9Q.npy,W
iv6MciULly.npy,W
8ChfC0dP0D.npy,W
7bNREdxsJt.npy,W
KvtPMQHIFt.npy,W
NvjDA4MqTl.npy,W
ibsR505mze.npy,W
o9wTHUOKP5.npy,W
klsOqljf9J.npy,W
MLx4hKNNKo.npy,W
8koPdsDCbE.npy,W
THHc2RpUu8.npy,W
elOzPn7THP.npy,W
2AlGQGTJhf.npy,W
ZG0Oh6QR4J.npy,W
pqaK3ZOQBy.npy,W
X2zMQBQrHg.npy,W
UuqjTToRk9.npy,W
syOAAfb8ds.npy,W
t855q7byS6.npy,W
wdGXRM2ibh.npy,W
887d2fUZdy.npy,W
ORog5SazIy.npy,W
CDTigdOHnq.npy,W
WlaWxfvA9f.npy,W
PENQxWGsW0.npy,W
Yjq0hl8aoz.npy,W
s71DjGZmyk.npy,W
kj8HNXG55P.npy,W
Eybgt0cPat.npy,W
d44VIAitbj.npy,W
ROOMYQpx3c.npy,W
US2sS0pgy3.npy,W
AqoFCHkQ1u.npy,W
2CQWNyJGW8.npy,W
VULygH0kIz.npy,W
afkNbSZcRW.npy,W
tyHTHDlEr5.npy,W
9fyBqrHD4I.npy,W
TgQKCSADmA.npy,W
xDwQuQMyjZ.npy,W
dXztd96Gsb.npy,W
AJpmrehU9z.npy,W
RMJu8YGxir.npy,W
RrBqhnWieR.npy,W
mdj3jde9B7.npy,W
X5UxOdSwkj.npy,W
dinYVVaVut.npy,W
XGKDoUmsvv.npy,W
WzuEf4m5jC.npy,W
bHLfFd6qCz.npy,W
dLSKoUW0g5.npy,W
EK51FfnZn4.npy,W
61V0TiNhb3.npy,W
qTblmZ1san.npy,W
YSIKDeOOoV.npy,W
4vtozE569z.npy,W
Sh95EJH9Oq.npy,W
5ROdVAqlG1.npy,W
k8KAXSxNtS.npy,W
th9rTcprwa.npy,W
PTcci6iMQT.npy,W
F1scLp3d4i.npy,W
ubMtc55D0P.npy,W
jHlOZC0aRQ.npy,W
kdybetYqqL.npy,W
d6Tq6XPAIl.npy,W
dQoapf9qfm.npy,W
3cvK16jD5T.npy,W
c8iDoRn6Yd.npy,W
lTit6XgJK3.npy,W
5AOjUmdtH4.npy,W
jwNaJfg5hL.npy,W
HD3dQ0u1UE.npy,W
euqeLDlWA6.npy,W
BUIuGxLXEX.npy,W
0bQetUfYKF.npy,W
ZzmoRyaaWH.npy,W
nepkHf8USp.npy,W
c62TMLAX24.npy,W
j11ALLCmph.npy,W
1qJ4UMIM4v.npy,W
MykfDZCQPE.npy,W
GE60Sv5S1y.npy,W
VzJZnpRUh8.npy,W
3RgQjO8lER.npy,W
OwA3cHPCsG.npy,W
lr22pxUkNX.npy,W
M1u8RievBC.npy,W
CLDHYekF6d.npy,W
8szCqYiwgp.npy,W
r24dUwihLw.npy,W
o3RzKjtj2P.npy,W
Dx7uqkmD09.npy,W
EEPO4q8xTR.npy,W
yyDUd0wtPz.npy,W
66R4uzCghL.npy,W
rTRxHZuMaJ.npy,W
PHKP2xUgdN.npy,W
knYulxi66u.npy,W
nSKn1EYDyp.npy,W
UZB3asvjNL.npy,W
TDzsJnCuTF.npy,W
n7cEN1aqP7.npy,W
LbgdcCAsEN.npy,W
EB2Mopb91Q.npy,W
SybZnvLHd0.npy,W
B2UySXgJx5.npy,W
gnwDMIHiS1.npy,W
aAL85DvmuT.npy,W
aKUlGYCSsw.npy,W
gtZFcP33bt.npy,W
cMR7lURU3K.npy,W
TuElLVjuxC.npy,W
MFIg2c8HXr.npy,W
diZA4rqIOQ.npy,W
cDVHU8Bl6s.npy,W
5zkCdhSMNZ.npy,W
4c6DgaccgC.npy,W
r7YXAUJlv9.npy,W
cfAPRvFkX3.npy,W
nmugDnuSLY.npy,W
wsFOaLq1gS.npy,W
wbYyhqPzW6.npy,W
jHnIBQv1sP.npy,W
3AhUWGmBMP.npy,W
cQKSlgSPcA.npy,W
HRWEvDWc2v.npy,W
C6OJsajP2x.npy,W
vNr2hzoACU.npy,W
au6Sfk6EX0.npy,W
239ZLWno3C.npy,W
ZNSIDoS6gz.npy,W
ZjqNDWxDgK.npy,W
vGB1fhqEFA.npy,W
dgIpggLxTn.npy,W
wGJBWN3vBo.npy,W
1G6eAlCAcV.npy,W
pSvN8tlHG4.npy,W
gSHh1xvMtB.npy,W
yLe2vm5FG6.npy,W
mSvnlwc7w9.npy,W
iClr2lDwLy.npy,W
p3ZWsc0xYW.npy,W
bwEFBX1jvS.npy,W
UWbwbkyuqa.npy,W
L9sagfWMGy.npy,W
gaIjnuwkiF.npy,W
hqxkrElosp.npy,W
KLI7H5O0K8.npy,W
xS1n1BxAXE.npy,W
6Jg4l92TNZ.npy,W
FeHRzO6E0n.npy,W
1FnYyHxRiD.npy,W
NOMU8p1QwE.npy,W
HxW5jYcH56.npy,W
NjKi47nFoV.npy,W
tYdAm7WlFC.npy,W
jwQFXPLdLZ.npy,W
rgDfohkHgP.npy,W
v0eJH0WYsc.npy,W
fRuY4kSWIs.npy,W
yx5nQwQnyT.npy,W
StRXfEusOG.npy,W
gMmimgLAK5.npy,W
JQQjyOFEU5.npy,W
FsYBG2DPq5.npy,W
ylA8oCvGQO.npy,W
7Tr7OfxyEu.npy,W
p1eWPSRiTY.npy,W
SQwrdcvq7O.npy,W
SYjmW9ifPv.npy,W
LpScl0US6F.npy,W
hJd3Fi0eRI.npy,W
rfbZDN0zQj.npy,W
V3TogZrzY0.npy,W
96I7N6kWat.npy,W
Ep1WJr4Vez.npy,W
StYD5yan7m.npy,W
egMAIcqQtB.npy,W
o8YSmcKb5z.npy,W
0bwqErxkWt.npy,W
1N242XKL2G.npy,W
sFLKl6SSg4.npy,W
ayTehRPvma.npy,W
pbGjP2e8Qc.npy,W
TcjRjpQFjb.npy,W
GRcH6Z9sd9.npy,W
CwNNSJidXs.npy,W
WDNQawIGuW.npy,W
6Q4yKatqs3.npy,W
HksCQlmjD6.npy,W
3oDmHMpWIp.npy,W
FFGEOFcRow.npy,W
ERV3UDtseT.npy,W
Juo6wlVSet.npy,W
T8pRuJqAaw.npy,W
n7HDDmIAUv.npy,W
8JlDsUSoIl.npy,W
gsoZzLpUD1.npy,W
Y3sC2zZJV1.npy,W
Ab7VdvvoIj.npy,W
GLT5ckPmP1.npy,W
DJxie7Xbod.npy,W
BxLFVMLnoY.npy,W
2jOsIQoSbb.npy,W
AOf4azXGLJ.npy,W
biPlrnHZ3W.npy,W
lMkRO2Xu8t.npy,W
EZu2CD7f9B.npy,W
p3jPM7Or6O.npy,W
6LapTSNglJ.npy,W
yYewny1I0a.npy,W
2tJoz9ewnp.npy,W
R2r6rVW4dv.npy,W
sWWQvWRGqp.npy,W
Cxd8c8Mtxm.npy,W
5zVOKYtqxv.npy,W
YcCHb0O8Qm.npy,W
J6DAEh5QRw.npy,W
eQKHpm0SWH.npy,W
O2yxz4phlV.npy,W
RkBPW4Rerg.npy,W
XT71hNdl2v.npy,W
aiNFCiY16y.npy,W
jkWCqHHQKR.npy,W
mabf5PNzI8.npy,W
T3MaTaJ3er.npy,W
eeJknWyZeJ.npy,W
NoZHoI2CR4.npy,W
UMdMn5CqsQ.npy,W
FyBAMx5sHI.npy,W
Pu7d1C6aXV.npy,W
bFfjNbkIMt.npy,W
rl5cGKnNVV.npy,W
2zuIDP9MUp.npy,W
W9PjvmvT36.npy,W
kSd7dphURh.npy,W
lT24cgdX8f.npy,W
JxnA3A3Rbn.npy,W
3el6mSzccT.npy,W
k9Cux7sYHH.npy,W
gvVIKQNXoP.npy,W
hnVgVQeN7H.npy,W
rdYk9kf9kz.npy,W
XzAtaRuzmu.npy,W
qd0kHVc2AY.npy,W
0lWLnbBrza.npy,W
2Jfj6qN8El.npy,W
g48W85JX8B.npy,W
gnt0UbHnT2.npy,W
zMUaEsMKga.npy,W
32eyxZZhM7.npy,W
GHVcNZNVqH.npy,W
CC1edJCZoa.npy,W
cEIFVxg8CB.npy,W
Fr8Hp5hgcU.npy,W
bHLHgvyBtA.npy,W
1sewIo67q8.npy,W
M5AzStNqQ7.npy,W
2jdlqwMu5C.npy,W
b6nLgtfudu.npy,W
NCx6VGm3XN.npy,W
nPexGdIS85.npy,W
aYvusFxBOs.npy,W
rPNG8uuaTM.npy,W
0RePfVDgqy.npy,W
F7qs4QvYK1.npy,W
tPYCOJwHle.npy,W
SvKb0ywI6B.npy,W
saGks5EVDz.npy,W
UqbnXC59B9.npy,W
7QLYoDIALS.npy,W
C74nj52sTb.npy,W
GUTwpwOmtl.npy,W
L2dgaqQxXo.npy,W
8JpbsD1cwj.npy,W
OLfB5V7ihn.npy,W
vgDpYcnDU8.npy,W
QLtHRI5XCG.npy,W
9lVaa5FhEr.npy,W
LuiWnysTdz.npy,W
rO1mX4AIgp.npy,W
YbrXXCZZm7.npy,W
rp3zPVm5HP.npy,W
erBPmcsFjn.npy,W
0ORldycJR3.npy,W
yiPVBjwmro.npy,W
SAfUwTdpjR.npy,W
FTGfWWmagK.npy,W
Ljxk62v7La.npy,W
RBiHPLMuQ4.npy,W
uZeBBuDoCQ.npy,W
SBIBTVXpyL.npy,W
T6KsSAx5eK.npy,W
x5hI602Czf.npy,W
9kotbs2EXu.npy,W
D8QOCBqwEy.npy,W
EZbpHpkwPw.npy,W
8hT8BMKmeb.npy,W
k6eINW2i3H.npy,W
6TE82smxDf.npy,W
Yrefx583UK.npy,W
dl2m4gAfQS.npy,W
xnpREfjc9c.npy,W
QoIZvW3vIn.npy,W
fYKoog1JgR.npy,W
3687K93zFy.npy,W
uXztCDyhuc.npy,W
jDSb1Si1Fg.npy,W
VtemOTXt8J.npy,W
eZwhccV13y.npy,W
PRZnngh9kz.npy,W
P45vT05iWQ.npy,W
aL3hvD3W4Y.npy,W
AH4ZtiKrFe.npy,W
iObVLMVT8M.npy,W
2uv3W0Tned.npy,W
wr4dxJJQ3Z.npy,W
ijnLcHcyOK.npy,W
d3KvyGMB3d.npy,W
J8NMF8rmYQ.npy,W
zzNWbHGg4I.npy,W
Bm6LuLX1be.npy,W
Hm4126Pyid.npy,W
pYzK2sVyxo.npy,W
4V3Q8KFfGE.npy,W
IMINJhXcee.npy,W
4FGiGht72U.npy,W
YcCxiGSl45.npy,W
sgavrIxGki.npy,W
09fgp4AZ8A.npy,W
duIzNbz8fx.npy,W
JHvQlwjDKx.npy,W
qsIvZJkIyK.npy,W
hoZRzHHqnY.npy,W
iO75JNQsh8.npy,W
i5vhVfqXm5.npy,W
6wkaDiFrSp.npy,W
k8blNUSrlw.npy,W
fHLIJX09X8.npy,W
oSEyDASxGM.npy,W
catF1UzBu3.npy,W
w07STt7TEp.npy,W
5MoK6V8Pr2.npy,W
02EcdknfXU.npy,W
ztlfFgpdjB.npy,W
YQwywfzVDn.npy,W
qasqu7gh2R.npy,W
PB1uT1Poi3.npy,W
gffpzmfdrc.npy,W
FC3FxVRalH.npy,W
eLHEoFvA4K.npy,W
vnMXBtKVwM.npy,W
qAzRhnMVSU.npy,W
pzt16K0AQ3.npy,W
KytqWdiTN5.npy,W
SOWKhReoTX.npy,W
K3hMCUQUzs.npy,W
h3ekt93RRd.npy,W
SRvOjVNgje.npy,W
wcHcU1RJpb.npy,W
nj03zhUgiL.npy,W
UcG0l1pml1.npy,W
zhvP38H7N9.npy,W
uxcc6PTv7Z.npy,W
c071S2zLGO.npy,W
TIbrpu4T2u.npy,W
6DvYMYGU1n.npy,W
2MlyySbKOf.npy,W
jjgNZ3y8MR.npy,W
bffsxmzJzZ.npy,W
MTqQxfHg2M.npy,W
cPnkq48hS3.npy,W
8o6g1fi3qm.npy,W
5KGpJqbtrD.npy,W
8dZ3m1em25.npy,W
nPRhVVHUon.npy,W
EzcPzp6iyR.npy,W
nuVjkb4MRa.npy,W
pAlPwmvmwM.npy,W
aacw36HFwJ.npy,W
VTxASke8Sl.npy,W
XnmRnCcp72.npy,W
iKrbU5ybrU.npy,W
mBP80o7pw5.npy,W
MScK3BG582.npy,W
0WHSKc5Mdt.npy,W
g6HK2EveJ7.npy,W
lSXM6Cwvt3.npy,W
V5SCGubdwD.npy,W
x8WsWlrDfT.npy,W
gflqQRay69.npy,W
MDEQIpygOI.npy,W
V3SkvLY4Yb.npy,W
T0Ss18XxLP.npy,W
RuhmEt5XER.npy,W
bFFt1Dq8Iy.npy,W
qEzDKizDNP.npy,W
sEYjJxiKQP.npy,W
EVIVOF6Ivh.npy,W
DTXd4ebYY3.npy,W
mfELXYjQDA.npy,W
AGH4qlmBfD.npy,W
YKAZZohtwZ.npy,W
M03uSfG4VM.npy,W
bLv2TqTxyx.npy,W
yU0hR897dJ.npy,W
96VrbtNOvB.npy,W
UnBfDh3NJb.npy,W
kqwQqEZAeP.npy,W
gCCuCVFbAS.npy,W
qBresQ9ggE.npy,W
woBaeQOJ4y.npy,W
8UQQNmT1Kf.npy,W
tMWc7sVP1o.npy,W
57u3ACgFH6.npy,W
ailYUoHNFd.npy,W
5f0CWdx77X.npy,W
9e7PUO5QJv.npy,W
7MAN4sxLBd.npy,W
Nud4RnkvuW.npy,W
zWAYes7Sg2.npy,W
kAIlI2VUWj.npy,W
EHwnDj7JPD.npy,W
kokbE25fzS.npy,W
CL7nXvaqR9.npy,W
tlsZRwHvMV.npy,W
CNvhKfDzGz.npy,W
w0rQMRe5n8.npy,W
lCJguMca9d.npy,W
PL3MJQLIo7.npy,W
O1miBYPKaL.npy,W
ZsYjoBXp9W.npy,W
6tmSvJSJ5g.npy,W
qrpIrR5J7s.npy,W
YOrnRAshrv.npy,W
2KhbhQT1QR.npy,W
50KvgLgNam.npy,W
ocZn36LkDS.npy,W
dIyD4jSjJn.npy,W
wiVrMcGO2p.npy,W
e8kVUEQ0ZR.npy,W
2fu8SgTcJO.npy,W
Nb1CPITduI.npy,W
I6Mg6siKUz.npy,W
BzIQVKLEds.npy,W
r2UewnWwmQ.npy,W
8rnJHv6w59.npy,W
DcLJ9LAdTu.npy,W
mqRGq8kMCP.npy,W
ZjpoAnRL44.npy,W
V990pg7VpY.npy,W
ZnNGctQ83e.npy,W
x4fK8fkE8B.npy,W
2TGF4kWFtx.npy,W
tJwqmSrBgq.npy,W
ef7jaHzCY0.npy,W
gRL8QO4Gmz.npy,W
HbGTonRwd7.npy,W
PkSCEpkxoB.npy,W
JRZaKrs3h6.npy,W
wXoeP09HRk.npy,W
SIPDoIcnKZ.npy,W
cK0uS3ZnTg.npy,W
QwxWMQuRFn.npy,W
90xXP4CU9j.npy,W
cUU7hbv5VQ.npy,W
evnxzZxNEC.npy,W
G8eMdQbXGj.npy,W
Eux2dyjvrq.npy,W
ts9Vbn3ApW.npy,W
B4YrG0Mbx4.npy,W
6QYihPPvf9.npy,W
bfRb3WTpTP.npy,W
UcFkYn338p.npy,W
SRQLIJQSgb.npy,W
zFW3drfl7c.npy,W
hXqYF8BpjW.npy,W
zHsCdtG696.npy,W
wsn9vy5CWx.npy,W
54WRP1IXGU.npy,W
xWy10BKBTn.npy,W
3tHLrES6Ny.npy,W
VNYe2IWxyC.npy,W
dPDF4IqfiW.npy,W
MID2dg4QuK.npy,W
0YT9I4Wc0g.npy,W
2kaOMvjkdX.npy,W
ROucWnNRWm.npy,W
orQYmdk1eD.npy,W
7vnSKuyYlF.npy,W
ekar90retG.npy,W
ip0GPmgYUY.npy,W
6q1mBAF76N.npy,W
yk8kpyBqme.npy,W
RkX4yKiH60.npy,W
saOIfdmJ7s.npy,W
3d3VXiclTw.npy,W
JABItDewmP.npy,W
EP9Qr34YJh.npy,W
rFEADmhfI6.npy,W
eLNr0pjktr.npy,W
2msJUzRVEG.npy,W
GFI3FljvOx.npy,W
vJ32FO0fQP.npy,W
JHO2ofHbh4.npy,W
9ZQX5aJ86i.npy,W
P7JVee5iih.npy,W
NU9VvWaIH1.npy,W
6CPckS8tNJ.npy,W
35BY1VjQYM.npy,W
Tgj9yG1Yju.npy,W
uZvwHYyXVO.npy,W
Oe4IrgjGjR.npy,W
8Zn11kmu5B.npy,W
ZJ3z9T0Rse.npy,W
qqmOY08fpm.npy,W
zSIWqBo9TG.npy,W
khFeTBB7Jr.npy,W
4N6GTY92eA.npy,W
uDO7rANFtb.npy,W
u4xmFrwpLd.npy,W
HRi0rNVhK1.npy,W
zLQGhMrUgX.npy,W
Bl2wR0PVvP.npy,W
wWEsNOGPF3.npy,W
1tmIPCERmE.npy,W
WfcSHRvfLf.npy,W
OqG1YKbHNe.npy,W
8H3IJRCBVZ.npy,W
MhmrVNUFWE.npy,W
PLSGjdEsl6.npy,W
FE5nfCCjul.npy,W
viqy8jwT24.npy,W
hMnLe9Hl5M.npy,W
J1Nm7d3aQS.npy,W
rn8bHj8LmW.npy,W
bfWeMstITr.npy,W
9iSTfF6pSf.npy,W
dlFEiv8nNH.npy,W
itJXYsKFsd.npy,W
TgdX5Uyy6D.npy,W
LcqGmnRJ2k.npy,W
zd8w310ER1.npy,W
lllA4D9xBS.npy,W
RbrnLagRW5.npy,W
ta7JlMQrNx.npy,W
s9GVgnMwfX.npy,W
zrFncH33PN.npy,W
qqBGpkYKHS.npy,W
pzlIPAl2hT.npy,W
ei30nojZtH.npy,W
ocAkIrTg62.npy,W
5cGtmSkCRO.npy,W
88kLy3ee7c.npy,W
YDAKmv0tDv.npy,W
QGyql4hqt5.npy,W
urrSfZxzA3.npy,W
35nvO9dxH3.npy,W
FXVkcHFt4F.npy,W
sFSO0pHud2.npy,W
7Dm29xFdJD.npy,W
BQB2OfXzQe.npy,W
qL4zTfUgrB.npy,W
eNeYpNscmi.npy,W
4egYHHOjkZ.npy,W
AfgNIzRyjB.npy,W
cJSRhduFyk.npy,W
gK4bo3V8F7.npy,W
dJznn7GyiA.npy,W
DgGOGyDfcf.npy,W
5uucj0wUAV.npy,W
K6xsWmREHS.npy,W
3kk01mp9Ul.npy,W
QORTYtM1g2.npy,W
Xs71MnLiRy.npy,W
mmo6dp3LlG.npy,W
j4LfTZkg9h.npy,W
V8pq8ogQNU.npy,W
CcZTi4MM3N.npy,W
NrcKGmQ9p1.npy,W
7qhk3Ytr4A.npy,W
cqECkjT98L.npy,W
cn0BUkQkxD.npy,W
eNr8er1qHL.npy,W
c3cVLKJATO.npy,W
LiuREBJXJQ.npy,W
RaVK1dsfU5.npy,W
pPLkDGcrFQ.npy,W
vVoHuimhPR.npy,W
OtkgRO7UUI.npy,W
L3OiPaAhAg.npy,W
gefyTFhhTd.npy,W
Bum5y0JoTj.npy,W
mt6sBLWzvT.npy,W
ptwB9Vqrij.npy,W
u02EjekjZf.npy,W
0TgQ2qC1Wh.npy,W
f6wxCQmnxB.npy,W
ib9YihULlB.npy,W
SRMVcnh5Hg.npy,W
vx8TLOf0TG.npy,W
EniQPYmGEs.npy,W
Q7AMAilVz4.npy,W
tu8IZF44jj.npy,W
BIPM25cc5l.npy,W
cLD8MARKb8.npy,W
NTaPutXUHc.npy,W
RsDrAOiAjH.npy,W
5MrKQl88vF.npy,W
YjZlEiehux.npy,W
8FhTGCnESC.npy,W
Gpd3L801Nf.npy,W
z5Lg6Meosz.npy,W
67jSVMQuLU.npy,W
QHD4q8ggnR.npy,W
cg7IiQApYV.npy,W
Yxa2P1CGbd.npy,W
6EfCrrz8vf.npy,W
uyp0UtMGIi.npy,W
lRBLDgmOos.npy,W
APt7hlNCwV.npy,W
mEeoMWjMh0.npy,W
6k95q4V1u1.npy,W
XYC3gXLoOA.npy,W
R0ZEtpFPX1.npy,W
va8ePPrJSi.npy,W
Is4Y23AFPk.npy,W
3CVUCi3Pce.npy,W
QbomPSwMNz.npy,W
VJ3oLizWMU.npy,W
hILipEN5st.npy,W
4hgDTGAKqs.npy,W
TAIpHk05QP.npy,W
Cbg8Z6YMZv.npy,W
U3vX6g7mql.npy,W
CgN3SHkirG.npy,W
zd95ZR8GId.npy,W
lPRPuHv7Bx.npy,W
xK3j4Udkk6.npy,W
xHbHIZct1B.npy,W
f0EU98FMTY.npy,W
hqNt36QjUN.npy,W
uYw7Kwetfe.npy,W
8ZoDhMtTQt.npy,W
qEtmNOLKYU.npy,W
JvidEmT4ac.npy,W
4co1PKjfXK.npy,W
bRMipPOuFO.npy,W
u9imAaGfUE.npy,W
THTRacWX3p.npy,W
5V24JRollL.npy,W
gLAbcLC6wn.npy,W
rKtt4mmps1.npy,W
c4q4vkLWdh.npy,W
OZplHI7jse.npy,W
SIw5lJfSd2.npy,W
u5CADSfApo.npy,W
Qy4TjN2dE4.npy,W
QmI1FhxipM.npy,W
6fmZ0iJToc.npy,W
OnfGlFGElq.npy,W
uRDWE0RA6p.npy,W
wFgyisF2vy.npy,W
6oASBS7OeI.npy,W
B8CJzh5bfp.npy,W
d88NLwqSaI.npy,W
fhGMTJOvAP.npy,W
qc5qoqM2T0.npy,W
4tVzg0V9gp.npy,W
MUAlXr6nOd.npy,W
fJiM6UFbXU.npy,W
A5wZWPtb9H.npy,W
dFk2YPyzaQ.npy,W
O0FGOADX7A.npy,W
A0fVWkYHkV.npy,W
IMtGg7L5Bs.npy,W
9O4FiEz3mt.npy,W
twib1TdkpB.npy,W
LOSmdfe6RM.npy,W
WS6BG7jg8S.npy,W
vzHbbsXxHJ.npy,W
32avDmk3aV.npy,W
3dCTnSlOVB.npy,W
ce5AuQi6VH.npy,W
6ja6XsC1yW.npy,W
15FL9oe044.npy,W
Ic7kQwmK9A.npy,W
RQqTvVsfTH.npy,W
MD9oM8BpFr.npy,W
WpejZs151j.npy,W
9zCJry5vQB.npy,W
nbftmmH57t.npy,W
5QhCUE4oEa.npy,W
WVaJBJQArI.npy,W
YHceYuFHmU.npy,W
NhYvkcqCkD.npy,W
OWx3TXBX8Q.npy,W
A4yK2o0rgE.npy,W
Gyh2nbKBAh.npy,W
p2Ksvx5jQe.npy,W
tatyHdghfK.npy,W
7QFjvena3w.npy,W
u01zM3qB46.npy,W
EZsd8NFJjr.npy,W
DCDpnC3efc.npy,W
3LKTMXY2LH.npy,W
uRnF2we1EA.npy,W
u1Dx1LGXa6.npy,W
ussvjl6RDO.npy,W
xgQGHfcClf.npy,W
rGPq41gZqP.npy,W
C8wRsoKEY2.npy,W
nFh8viZItb.npy,W
ptGUjAf6s4.npy,W
HE0iHtHlri.npy,W
Iq52Tus3NM.npy,W
11Q4jBjHtT.npy,W
5fRaPEyOcf.npy,W
m9n25mCWcK.npy,W
uevydI4e76.npy,W
cVQ90ZJMkN.npy,W
B4VT6zpPdA.npy,W
NdZEUE7aH9.npy,W
SWyo3HiVQ2.npy,W
hDdhJQ1Zoa.npy,W
DH4VTKlYJB.npy,W
GPPtBpSeO5.npy,W
4ZwBYD0irE.npy,W
ddp4vUVTH1.npy,W
VsWMsNt9YC.npy,W
QOtSyjz7yy.npy,W
fhMSU1r15H.npy,W
8G7iTHXnAt.npy,W
U44wYNB2fR.npy,W
qDqkXZaH6B.npy,W
40wdG1buTx.npy,W
PVwL1i4Np3.npy,W
WnhymEMGzt.npy,W
0vhrNgwzTP.npy,W
BYVNVi9SMZ.npy,W
tMZxjbaB0D.npy,W
0N4mMahYGn.npy,W
PcdYb7d7vd.npy,W
sAb4D5SJv0.npy,W
8dOqgR6O7l.npy,W
ock7R4ifKm.npy,W
JTOEjyH2nX.npy,W
ai1qynddB5.npy,W
qEoC5djNfi.npy,W
jfNpdGrem5.npy,W
zF1blpMKOM.npy,W
u12oBUfxur.npy,W
gjAeZc1cxL.npy,W
G0zruavhjr.npy,W
NDBWhtUs6B.npy,W
zRYMfEruPd.npy,W
hHIj80JM74.npy,W
Al8iYgrmPb.npy,W
kiEPcNiS86.npy,W
iD5ZKXL2pP.npy,W
umdoX2sg7P.npy,W
JcU7jRyWxr.npy,W
3gsIkOBuNl.npy,W
y7xiPUansy.npy,W
O9r6t2TSuN.npy,W
AEAolD3aYm.npy,W
jXSsijHoa5.npy,W
CRIDbZAjdl.npy,W
nfcFtlhFb6.npy,W
1k7cxL6lf4.npy,W
51QaYdiLuK.npy,W
uI6vglqoNp.npy,W
HcGHQcETmY.npy,W
u0BJcn7fHp.npy,W
ETxeNHJDSA.npy,W
mT3T8E3XxM.npy,W
pauUBHGlg9.npy,W
RMTPIiGxqB.npy,W
84yMNa5OKI.npy,W
cLXwu2sTFz.npy,W
aq4rsVEkrB.npy,W
6fF0B3Urwc.npy,W
9MpVEhiscA.npy,W
0sX3cpBY8j.npy,W
lDvFxDgUER.npy,W
IgAVbwdrx4.npy,W
FdNrMKooAZ.npy,W
gfaPKawkmM.npy,W
LET5fgp7xd.npy,W
0oI4B0CCzQ.npy,W
RKoyhLXuH9.npy,W
dIUJK7OYLZ.npy,W
ugmHoBoqN0.npy,W
y7X0NcSIYA.npy,W
OTbsFKofSZ.npy,W
Kl4TQ08q4b.npy,W
qDbEOiTtV6.npy,W
v6k4IIcW4J.npy,W
lCABeOpvzk.npy,W
pcKN7wy5a1.npy,W
bUSSeRPCEB.npy,W
I0qgErVV6v.npy,W
hcSMw3JfMB.npy,W
oJdK1Lyk4e.npy,W
8bpXO3pO2y.npy,W
u6E3j5OrTb.npy,W
Iuv99fHiaA.npy,W
VD1gAjY7Ap.npy,W
noT1SOImJG.npy,W
kgngWsRcG9.npy,W
fXpcRyJyFp.npy,W
zh2zC2rAwZ.npy,W
tjybllSvQi.npy,W
y98L5p1N6v.npy,W
NuLpjFT2JJ.npy,W
nI0jDg0Kof.npy,W
OlzA5fdZLg.npy,W
odi8YVSF00.npy,W
wvbU44ve0e.npy,W
vhIk4SIwqK.npy,W
HHdpsEYXtb.npy,W
HBxXKug5so.npy,W
dzaV3eEBse.npy,W
a9GBw53uwp.npy,W
JQQhYPFwwK.npy,W
g197jexSeF.npy,W
gNIige419Q.npy,W
1C6cBR0MNb.npy,W
zUpcHgsZVC.npy,W
HXdalNQSen.npy,W
W3XZEX4Rx9.npy,W
P6WENShTwt.npy,W
VinY2N0CSi.npy,W
YhlsBUHXwL.npy,W
BnT63KJbWJ.npy,W
Wlrj52MZQQ.npy,W
H9i5Eac7J7.npy,W
jWAiG6COqb.npy,W
7FLVdHZu6D.npy,W
GLyCMxOESY.npy,W
cI5XSdVsp0.npy,W
jKXsfzpo6t.npy,W
XwKXrzn9Lh.npy,W
uS4QyzHjcG.npy,W
hULy5XaBh5.npy,W
V5tQnqDnQp.npy,W
TmCuvXVK1M.npy,W
ZInwVRlcp4.npy,W
F78X1Qif8W.npy,W
cdkttcpP8V.npy,W
nLzCR3NjFr.npy,W
0SIVQPWsNx.npy,W
NYrx0cLZDa.npy,W
A0LSAzjNpu.npy,W
SA8YTZUC8X.npy,W
iDUFz4oqhY.npy,W
NXnvhuYBes.npy,W
ZFYh1XKHe7.npy,W
CzmL7ETfTS.npy,W
m9tps0sEdp.npy,W
YhO9UzbwZy.npy,W
k1DD6J5nye.npy,W
Yla9TowZkI.npy,W
YTusvJ91Ac.npy,W
bHa9lyH8TF.npy,W
unhQwmbzgG.npy,W
GHPy3GpnZt.npy,W
hk4j92AXgC.npy,W
4zlsLkISM1.npy,W
1qEvNfGCrR.npy,W
c7NqgwUQnO.npy,W
unSaZqQFKy.npy,W
h1OODN4Fy2.npy,W
Dg3ovpCrry.npy,W
dpily5ZJCS.npy,W
y6rvJGcnzr.npy,W
7JR0rLT51i.npy,W
l2wR12zwPN.npy,W
WkAmGGJgrG.npy,W
IezDc0BkYa.npy,W
mzdKXwaWsX.npy,W
bzxCsnTIuq.npy,W
R6ERimGwkz.npy,W
PfdURAZdg0.npy,W
u65PYdQPc6.npy,W
ACH1Acgu8Q.npy,W
CfsYfoohWe.npy,W
WWFsuo1GFe.npy,W
73toVmpVrR.npy,W
pd9JARcQUJ.npy,W
dRbgP8yBWv.npy,W
6E62BzidBy.npy,W
5P3jTUyZs2.npy,W
FKEJkN0Q7s.npy,W
DF7nmIkJi5.npy,W
sNaSx7qfsc.npy,W
2pYH5sE1d0.npy,W
3MP5364UIv.npy,W
rvTGHoQO6T.npy,W
6o2yOeKYKt.npy,W
omA5ziGhxy.npy,W
WZEDDmY9gx.npy,W
svEDdiFMXc.npy,W
yRnecWJYsH.npy,W
rhnHyEIhnV.npy,W
6ZF0AKiqfu.npy,W
7cGRnKSr5x.npy,W
qepFq46ksx.npy,W
dyPKKGIEhX.npy,W
gF8GV5ZPQI.npy,W
3TViPxG7EX.npy,W
ThEaSNQepD.npy,W
6f1cSbGiPa.npy,W
zsN3QMvxGq.npy,W
pAc42rxJ22.npy,W
h4AVfkyNeE.npy,W
rdtZtppfwC.npy,W
Hn6ESANcD5.npy,W
d5UPP1gNVJ.npy,W
s8VCgb1NgT.npy,W
eoFIMNku9k.npy,W
zyIAvpuho5.npy,W
FBP36vfCOG.npy,W
sXkGRCwaFn.npy,W
W3z80gQsxT.npy,W
5jha7gRu9S.npy,W
KeFWoaPMYm.npy,W
0EcV8edwIy.npy,W
YZRKSwaECU.npy,W
CUjt3keUd5.npy,W
38YD3TpFIU.npy,W
d9EsKXeH2x.npy,W
O5CFymg8JM.npy,W
aYvgL9Yqzk.npy,W
3yJUPBWb0L.npy,W
92v3BlxGxm.npy,W
Oml1avSF5P.npy,W
HekeK20aiX.npy,W
3scms3Bagv.npy,W
4VsriEbO5r.npy,W
mRjFVYviUv.npy,W
PQVuQkmA5A.npy,W
9rU87Gwkgc.npy,W
fFK6a0BK6x.npy,W
hw806F129E.npy,W
aO9JjyFtkR.npy,W
KpQEW3w62w.npy,W
zjdGqBkEGl.npy,W
U44vjwA4Ns.npy,W
SqfalbThRX.npy,W
LQG7iZNj70.npy,W
I3k3dYzuXI.npy,W
VsWFdz8999.npy,W
qmS6gdAtKq.npy,W
aCcIHMR2bx.npy,W
zMyfbIgO6P.npy,W
Mk0ivgHNnJ.npy,W
72quWQTH2k.npy,W
SsM2AyQYk9.npy,W
nJvanp55y8.npy,W
BGeA7kC6wu.npy,W
XkH9444n4j.npy,W
VJxSh6zJJ3.npy,W
k4jB8w1o1k.npy,W
tsIjqqOggW.npy,W
xq0A21nfJK.npy,W
cjjxxalQ4M.npy,W
QHdRyCoTjQ.npy,W
IPpH9m5KaF.npy,W
YG0EAFChOC.npy,W
XbxVf0DPHA.npy,W
1sUDRZaQms.npy,W
jj2VuDs4QL.npy,W
FxiEXlCopw.npy,W
Tw5BOwH4B2.npy,W
L82nRoCNqY.npy,W
Cz9Ki5b9uY.npy,W
JMNZemNXe8.npy,W
cAhvm24SXs.npy,W
n3yKQMdvNt.npy,W
Ur1A5Rvkey.npy,W
7KUXC8Ue5e.npy,W
AijWABNYwJ.npy,W
J70MwLK6lp.npy,W
yta3XmfFKW.npy,W
ifvWCFrWun.npy,W
GNfQU7UCHo.npy,W
v9P1hOtWpG.npy,W
agGR5PhoGs.npy,W
Glk3tjjct1.npy,W
7A4N3HBiI6.npy,W
TdsY2DsEHN.npy,W
aKgFZA3wG8.npy,W
Gc55PF3s7s.npy,W
Uka6yckP2E.npy,W
iKhuPgCYBY.npy,W
TK9iKkaL0I.npy,W
0rNw578yeB.npy,W
EwqfA2Q2W4.npy,W
OROBfAAtyF.npy,W
ToLFhVb92x.npy,W
HfCkdauvrw.npy,W
gxFLCp5y8W.npy,W
Tc1itH5Est.npy,W
Ehaa5DTV0w.npy,W
NaLTwfDo6S.npy,W
VmR1v0k9hT.npy,W
SfKuVBSmU8.npy,W
sbTRqva3Ud.npy,W
5XhHQoVvg1.npy,W
KQOUw9jr0k.npy,W
Sdcuv9yl6j.npy,W
ogBGXga999.npy,W
nN4yhe3QWo.npy,W
aOEqLEFCb1.npy,W
YukxaUHgRS.npy,W
DxyF8kE6FF.npy,W
VQeeIsCdSb.npy,W
Cta8NcpPRI.npy,W
coeitH6fMh.npy,W
uBAieGp82M.npy,W
tAq3V0UwBz.npy,W
LB1qga0khg.npy,W
5bVLEbmjPB.npy,W
Mti5Dlputz.npy,W
2k5VuPIo8u.npy,W
AlxvQJeEh9.npy,W
mjTewwJ9ee.npy,W
fyNFoLRdWR.npy,W
oFzSDvV0fA.npy,W
DVRqkrzYMS.npy,W
JhIVUA0h7k.npy,W
nbztIHvQha.npy,W
6jv0VLMxBx.npy,W
70k2wSnxAX.npy,W
55qXfzrwNK.npy,W
afuZyipZHT.npy,W
98myPnPNlM.npy,W
rKBiVSuzUJ.npy,W
fgJ8ITtaY4.npy,W
QnRiDL6Vwe.npy,W
EaTBJjKbvc.npy,W
s7mmeeOrs7.npy,W
L2xyfHubKH.npy,W
X4uxZLR86V.npy,W
tjNnlIA8hN.npy,W
QHM2UWW3kn.npy,W
ie3XbRlUPt.npy,W
marDo7S9Rt.npy,W
BcfOgrMF4R.npy,W
MwQvaThCPr.npy,W
UyqaLBhspv.npy,W
hsuheLNzYb.npy,W
WFGcbcwNEr.npy,W
2uGY0jjr07.npy,W
UJTBlFX8zy.npy,W
t52AUldvnH.npy,W
zTKaj5C2zA.npy,W
6eh2g2OStb.npy,W
V7hOrFOoGA.npy,W
f2BFYtymX4.npy,W
8Dl3lAaRK3.npy,W
bdDkqgv8g1.npy,W
3MDQ6wNOYE.npy,W
T4Os8AIOT8.npy,W
Y5uk90c559.npy,W
kximwCtpx4.npy,W
hQ9fGFim5t.npy,W
yRpi4SJNZO.npy,W
2AEi0kl276.npy,W
TebCuR1yrk.npy,W
ly2IwOumV4.npy,W
qNvvXvNFiL.npy,W
wWUr2oHepZ.npy,W
4PTHKSC1UR.npy,W
8WC42jRPY2.npy,W
VvDcZIOFnz.npy,W
U3MpgaCiHL.npy,W
NrcvtQqYlO.npy,W
9kLsfEtncx.npy,W
5uUNZRqdlT.npy,W
sLXPGL9BeP.npy,W
55V4WBVG2o.npy,W
QsVdAWp8Ql.npy,W
51BX8FL22D.npy,W
s795SiBRwf.npy,W
4zlsrSjFUP.npy,W
pLTbTpvJzV.npy,W
iS0gJhiuCu.npy,W
69CZliqvPS.npy,W
5T2FcNXl6L.npy,W
TCi3l8Hif3.npy,W
LRHmCVGadW.npy,W
xVHK2Nm0Fc.npy,W
xillBBUlg7.npy,W
ifbjtkdK3f.npy,W
vJRgOvPC1y.npy,W
0l78KN338m.npy,W
HASuEEtHnV.npy,W
mCZ9hI2btS.npy,W
BY3dfqubge.npy,W
qcFStRSfji.npy,W
loDdJnoEps.npy,W
mN3rjHjTB5.npy,W
iNnoMPs8xL.npy,W
1zrbXDFY8a.npy,W
qVI742MTPU.npy,W
bXlXrv6lun.npy,W
3Wo1m9r9dS.npy,W
Ev2r1WYw7X.npy,W
QSvFPzYHZW.npy,W
kR4ZmXUAfX.npy,W
gNJAmw1pkk.npy,W
YoUWViazTZ.npy,W
uaCnROIjir.npy,W
Hh98SfSlWh.npy,W
6gBuR5YrK7.npy,W
euhEHFsxsQ.npy,W
R2CYm8ezOb.npy,W
nSDO6rs2Wk.npy,W
h4XQNAWNIN.npy,W
IBATB9igPv.npy,W
V3gtboxoHc.npy,W
DfbrLYqhiB.npy,W
PsJVo44b6M.npy,W
qhf5uRJvk5.npy,W
5JMjByEEwy.npy,W
wcNTuYRbTC.npy,W
vVzBGO2pxx.npy,W
GkEskMuhwo.npy,W
P19GdEigKE.npy,W
U7jTwq5fON.npy,W
Zy5xs8Jok3.npy,W
2p7CORJCOD.npy,W
f9oNonr2cf.npy,W
Ph7VSEWG3o.npy,W
3Q1FJ4gKQo.npy,W
FuPatDvRVT.npy,W
5SeyBVx9ir.npy,W
rOoeEbGgEI.npy,W
ljJ00r42Fp.npy,W
sx72nI6wG5.npy,W
wAfyMIC0ei.npy,W
ufkqwWWaCY.npy,W
FO2JsUyJhk.npy,W
ulljOCb7F1.npy,W
378rra5ggi.npy,W
OYQYHekID4.npy,W
pmUrllDOTa.npy,W
ZUgOLBsw2u.npy,W
zEYO69QUaA.npy,W
C0yH9jk1P4.npy,W
ULPTvZtIU7.npy,W
wqJ0SKQz4z.npy,W
gLs6RA6mNQ.npy,W
sC73Be0DRB.npy,W
C6XQHmo2WK.npy,W
18yLGEZcoD.npy,W
wGSS2UfgiY.npy,W
EZ6SubNwQl.npy,W
hqAUPalIJi.npy,W
urZBf5Yxz4.npy,W
MJdibgrMPN.npy,W
VIgmTX8Xo4.npy,W
8lmCqxXmYC.npy,W
DamJ9Oaikh.npy,W
1wAJKtamoI.npy,W
kcjeLNmHvy.npy,W
tlgT3m3LZA.npy,W
UBha23rxhW.npy,W
X2c7kGRa1U.npy,W
3knjtMAJNX.npy,W
LcTY9yRLjb.npy,W
4IS1zFzn3e.npy,W
83DUOVwOOx.npy,W
zkRpGh52I0.npy,W
MLEkzuD07I.npy,W
MsuUf2fx5p.npy,W
PgcfNIhwgH.npy,W
nUoMCs1ocH.npy,W
kewrwPYSeL.npy,W
TfAIHH1lVi.npy,W
6JJxBGhbS7.npy,W
AEYN3p8v34.npy,W
Gip0T8I03U.npy,W
GCCFQ8VGW0.npy,W
DwMBzYsY33.npy,W
VZuuSMQb8k.npy,W
X9NRycCgiW.npy,W
NrokHp7IF7.npy,W
r9E3QHttp4.npy,W
0kLiBT9VH4.npy,W
p08MFECbnG.npy,W
Ti92VrPEnP.npy,W
OTavtmFtW7.npy,W
sCWzAaFUJl.npy,W
XAAVmAUbWR.npy,W
Iw8VLSeKNL.npy,W
JKzPFqy3Ie.npy,W
noxtAaA9uJ.npy,W
ge0uRg8l0P.npy,W
fZeXgwbWdr.npy,W
4AHtBlIGvo.npy,W
SSaNyWozhM.npy,W
l2LQMg2FrX.npy,W
zm9xL5Jsu1.npy,W
1DpTAUlpuB.npy,W
hklHqfGGAX.npy,W
MFBgUjaVQy.npy,W
Z4yd1WrspC.npy,W
oPDd1zovh6.npy,W
XHsLDwIBzq.npy,W
BMIp9NM3Bk.npy,W
x44hEmTAAW.npy,W
yR7wtP7RMv.npy,W
RSEXIV7JgO.npy,W
MI83s158Xb.npy,W
kgI4LRAPXr.npy,W
TU2CH6hRRa.npy,W
vR9IaWp2Pi.npy,W
kBfpzjUiQX.npy,W
VmUqMsH5aG.npy,W
PiCpuB89Hd.npy,W
TJYNhtftX9.npy,W
8N9KT9ofcz.npy,W
f4SnV9z7IV.npy,W
Q57UBebxNK.npy,W
z92hKQbIY1.npy,W
acX8WFzrTB.npy,W
uZlV1UO5Ru.npy,W
tgcDr5IYxj.npy,W
0hiYqxYDlL.npy,W
hTMv9X1wUX.npy,W
SuIyeQiQI0.npy,W
eaJ9OqzMvU.npy,W
d95R7OG23j.npy,W
W2sdHCvKE5.npy,W
3iRzvkdV9y.npy,W
AuenW3gTMb.npy,W
1UeLWIkN3f.npy,W
jOrMtcvR9f.npy,W
h99kNRLV2b.npy,W
FKdu7SpB0R.npy,W
kIglRSUlTO.npy,W
mHKqk8HDyD.npy,W
4xKektfR3q.npy,W
Khl8qPQIxG.npy,W
af6cA0qmOj.npy,W
kd8KzbLmW5.npy,W
tB7uyGprbT.npy,W
hfAI2tTGU4.npy,W
zF9NoRIOtA.npy,W
rHAQH18zbq.npy,W
DSMDoJK2Wc.npy,W
uFFsHZHu1K.npy,W
RqYwDgCq4j.npy,W
6KazcmMMex.npy,W
0lqAPpmS9e.npy,W
A7wL1aIJA2.npy,W
lRQQBGptSf.npy,W
3EcBb8rTOA.npy,W
lEb3iOHsID.npy,W
MHLBt4EmlO.npy,W
zRGy50PtHN.npy,W
wV9c3JAiAt.npy,W
hMMiu0TBPQ.npy,W
4Ay1kqkj0E.npy,W
Preruoz31e.npy,W
mh5nerHQ9x.npy,W
dBQ5rs9gA1.npy,W
s8BlyaEJvA.npy,W
Mrfm6XMtwP.npy,W
DLfUJ2GNGv.npy,W
MZugKb7tUX.npy,W
ifEr5NYqLf.npy,W
q3tCu2Kclz.npy,W
Qlq9X7WKqD.npy,W
3jRbjFIAO7.npy,W
VUHm91EYJa.npy,W
Nojv8l7aQ7.npy,W
w8UhMJvDyG.npy,W
f5lgQmzEjE.npy,W
IAXkpDOvlL.npy,W
L3DMU33Un7.npy,W
1V9U6fC62E.npy,W
arVuXRDbsr.npy,W
xoOx0m23hj.npy,W
g2dm3EZjes.npy,W
d5cC7zhusc.npy,W
awrLl8InRO.npy,W
OIXSwH4Pob.npy,W
Zw5ipwWofU.npy,W
CCd0Sv6IIj.npy,W
CtvGrcRtJS.npy,W
Q3N4S4Egfp.npy,W
1ufbWdvnqA.npy,W
mT9xg1bda1.npy,W
jVgcxoxU6A.npy,W
zhahH2dFD4.npy,W
s1ep2bNwgF.npy,W
DHSPJP2czu.npy,W
5OSj8aCVcl.npy,W
2eiigoipcs.npy,W
A04mlK4Zuh.npy,W
8Fe6uzVMFn.npy,W
WTXDxHdka6.npy,W
k0A71ZSOGa.npy,W
g9luS8JoKI.npy,W
FUgzoNhpOl.npy,W
W232FscRfB.npy,W
tiNICPOAzA.npy,W
M903TRQxtj.npy,W
uksSyipPRx.npy,W
sIs0CwL73t.npy,W
FM9IYkDbQn.npy,W
J5DT6PIMXK.npy,W
cRufP03QoV.npy,W
tfZL5KMPdi.npy,W
OOiBzMIHus.npy,W
LyZCtOOJdy.npy,W
egTbfcKW06.npy,W
hdH2ZqiqbQ.npy,W
ieG0a02TN2.npy,W
YBIMkXYUtS.npy,W
gZWN11bBpM.npy,W
33gjxkBHRz.npy,W
R7yBSpdtoA.npy,W
aLAKIY2Y7F.npy,W
OiG9ASvq61.npy,W
mERvQ1bOle.npy,W
UrxGmvL2Ub.npy,W
RHRel58mxt.npy,W
0nbOalZkQr.npy,W
c2k31lc13u.npy,W
Eaym01tD7A.npy,W
XYOcmIBBus.npy,W
cTayIG8Nyd.npy,W
nc4vNv0Zmq.npy,W
E5RvphVoIC.npy,W
c3HU6XFQxr.npy,W
UfLZR1LoWJ.npy,W
lsmiVmdmWz.npy,W
YVYmPtftbl.npy,W
gSD4q95k0q.npy,W
ZzeVk8V0wU.npy,W
kDg8voh09i.npy,W
qsyl3Hsu4x.npy,W
37dBlwqdov.npy,W
hBnIdwe2Q6.npy,W
HPwcIWRytJ.npy,W
wpEmlMxPG1.npy,W
Zqf9ZOZShd.npy,W
P3InQsfUGP.npy,W
d0b7LHL9vj.npy,W
fMPON4eCt4.npy,W
iavcrA4FUp.npy,W
hP6X2J8Z6p.npy,W
sUJe3O8DCC.npy,W
uUF7FpNUTL.npy,W
jmhp5BzkR3.npy,W
4vWSzONt9P.npy,W
00GBrZlB59.npy,W
qPx20uixoT.npy,W
M0r9jbx944.npy,W
Uu5J0DrLah.npy,W
yKexAgU3mv.npy,W
7luqsWnxcO.npy,W
w4x2XCf6Q3.npy,W
wx3H26mtDQ.npy,W
zkUCzW0BD7.npy,W
N6pFEWTaBl.npy,W
zrnuk4jYma.npy,W
ODnUnycGt2.npy,W
2EKvrgAxTf.npy,W
kYCn6MeEfo.npy,W
hMcUAFIbwc.npy,W
ejwq4hTuFJ.npy,W
WzFetkE9mH.npy,W
l4ZtEAeUqO.npy,W
aICGbvpx9Y.npy,W
3uB9x055Xk.npy,W
eF2ifKQ5pN.npy,W
bStVmj8clc.npy,W
nVqoWnxZi6.npy,W
TjFaqClHxQ.npy,W
9CLRO8T5rf.npy,W
P43PfC3Vwx.npy,W
jE0ISSsEFN.npy,W
X7o3TyjAPw.npy,W
CSlT9tMjmJ.npy,W
949JsKVEnd.npy,W
hbQrniYQfe.npy,W
BF0lSeMarb.npy,W
E1pNzUUWaY.npy,W
FhCTYs7LEt.npy,W
8pZv7rygSu.npy,W
1T5pUqUmoV.npy,W
HpNaMxTpFT.npy,W
hk9j7yImaD.npy,W
Sq4Y70XJ2k.npy,W
yObLX8tWNC.npy,W
fSZrQZNDHV.npy,W
G7vxXODG2l.npy,W
8U58xLsl5I.npy,W
xD13iL1L09.npy,W
7TRBU2lJeZ.npy,W
RbNQkzXeM8.npy,W
VtI4wxHRZp.npy,W
5Gxv3X6KJY.npy,W
9woUwfW6Df.npy,W
ZYxcEjTcbL.npy,W
3oNmzauULT.npy,W
Msiv2oG8NP.npy,W
Lb37kuZaip.npy,W
lp80Ikmj1b.npy,W
RekThQeYzi.npy,W
YZL6KahVLS.npy,W
wFdP1Eu3JA.npy,W
GJQqv9gdbm.npy,W
yYT3tWuMUR.npy,W
XgOpPOIdn0.npy,W
hQ7coMtfHW.npy,W
e2e8UxNWCv.npy,W
SRMF4docPC.npy,W
T3zzivrirf.npy,W
JgGVsebI9q.npy,W
Trm4npSiXW.npy,W
NUt3ZxgEGl.npy,W
XO1FF8ZrwP.npy,W
6eHnYq0AkW.npy,W
xEUKv0ba2Q.npy,W
EArMqN1Koq.npy,W
amSMAQBeFs.npy,W
bRXz2zmmlF.npy,W
io7imr8zXb.npy,W
BPOs2PcKIt.npy,W
kXUKP0lTnd.npy,W
dFILzZiUX9.npy,W
Q8ESJyD1fO.npy,W
y0vKQPQOVL.npy,W
pcGMdCUzGf.npy,W
ir5BuikwOx.npy,W
Mnh5l5l4HO.npy,W
x0BZXiMtzp.npy,W
NWVPL6CArk.npy,W
iWA3pGapea.npy,W
kj2r9xGtCu.npy,W
nn8kK0Kw3F.npy,W
89tqIoowTK.npy,W
s8vRNmOKUF.npy,W
aNGJ1opOVN.npy,W
rb5d38ISZ8.npy,W
ZUdIfLxTTH.npy,W
uCNFPPKCuS.npy,W
lbfRYfgrQW.npy,W
ssYeYIKbFF.npy,W
keIM9YcINI.npy,W
YojygzHYPy.npy,W
2tXqYHwG46.npy,W
KXTzFaEjol.npy,W
ykv0im5K5N.npy,W
DJDBvlx9SO.npy,W
u6xw8ceTzn.npy,W
LNyFD5LVcl.npy,W
oFIbgIpzGl.npy,W
rrvN9a7PaZ.npy,W
kECSorXvFX.npy,W
n2t1OxAs5l.npy,W
4aBqRwwvHf.npy,W
4vT9undFvG.npy,W
dDcinvQv77.npy,W
VgLj4jwLr7.npy,W
VTsMR6waLK.npy,W
zDZK6wQbBN.npy,W
KpiCB2LZtC.npy,W
aQkY17Q9SA.npy,W
dxE4DTivDU.npy,W
0jRCve49I6.npy,W
nGiD8o4VtO.npy,W
q7L6UKkl6J.npy,W
cS5VYjXeHr.npy,W
xRvEMtjLIR.npy,W
SRzaswlFuq.npy,W
keLvt6RPGo.npy,W
yizDLlkQ1x.npy,W
R2ZU6TpbOg.npy,W
RBS07PHtZF.npy,W
lAjcOjhwtj.npy,W
bdyVmLlM2Q.npy,W
4iqvHU9Gyf.npy,W
pwOJcCTSMg.npy,W
6lSL32ft1U.npy,W
T2r6H48ZSK.npy,W
W2CJm8uAe3.npy,W
Zav55r7MFB.npy,W
VbJNNoeYVM.npy,W
XAVCkiZpMW.npy,W
cwToJVNpBz.npy,W
Grc3enRmUN.npy,W
c0JnqYuU1O.npy,W
Kg6dq9xsmW.npy,W
J6UYU64T1X.npy,W
IxHKlYAphL.npy,W
fZvYQ65rOS.npy,W
oJmD4vm7eS.npy,W
VmlE3FkL0O.npy,W
It2YrVHHYW.npy,W
qKfiQRgr4E.npy,W
GFqMYP4sMv.npy,W
7tEaeOr0DS.npy,W
FUXAlEK3ZS.npy,W
ursSlI0BiL.npy,W
YvRSjKACrB.npy,W
E5NGSqJC76.npy,W
jS0dZWZMsV.npy,W
VI9mUL2DwN.npy,W
s0meJbuBti.npy,W
sH60wqmwiT.npy,W
tqtUO5E39f.npy,W
ugkQvVghiH.npy,W
QUNH0hI4cH.npy,W
3cHfzQAYwI.npy,W
rPyKtBCwBP.npy,W
AvctlF3SMw.npy,W
qrn4Us8oGV.npy,W
cWvMCxqT5g.npy,W
oilVGScL9n.npy,W
zXemIR6E9R.npy,W
kPisahCl2V.npy,W
kuNx3CIVOf.npy,W
GWtvLrfBU0.npy,W
r0EHEYUmk6.npy,W
x5IepOW8mK.npy,W
XtrIt3inzJ.npy,W
akuUPl5Vzd.npy,W
FEkAJjajvA.npy,W
dleeywYLxX.npy,W
VGdvSGnEdq.npy,W
kTzJMtamhB.npy,W
oYEXvdqrxo.npy,W
IHoV9eitww.npy,W
JACTVi0Kcw.npy,W
qXksQbPQOi.npy,W
EhIY5kjzfR.npy,W
Se1Tc5QaXz.npy,W
GocO9wsNm3.npy,W
ePN6UVLYcb.npy,W
32v0BhiquU.npy,W
vte75J9p3N.npy,W
DNj5s7V3ss.npy,W
bQh91pKLcr.npy,W
Y8yqSxSNLG.npy,W
csgj2l4RGs.npy,W
OgsjzIFihF.npy,W
pDlGJBXvSd.npy,W
PHFyLISt4G.npy,W
1JRZfRDlcs.npy,W
AEoYGeDBY9.npy,W
6xHVC5vBdi.npy,W
tghFwRPMM9.npy,W
NPs8OIu5DL.npy,W
6uWk4UeinC.npy,W
kJO8K59lS7.npy,W
2JwflPPuyz.npy,W
Fsmc4eM7mv.npy,W
DGs6zE3r5l.npy,W
CvXe19YMVM.npy,W
XOPSG4FN4k.npy,W
HNWn1dTYW1.npy,W
NhQ2rVadO3.npy,W
T1psErnqwG.npy,W
ghi7DRXfWD.npy,W
9HAAOQRPu1.npy,W
0Ymm79NYwU.npy,W
BdYxwQiw1N.npy,W
IvsFuRyfaM.npy,W
WhFJIynsqO.npy,W
Yb0dBdv6tL.npy,W
KLuxPcPrqH.npy,W
DnZmSdW2q7.npy,W
VCixLKtH0j.npy,W
DsCjlXKwJO.npy,W
OhyQZ6etnJ.npy,W
YvBEMjrDM7.npy,W
IHUlWAEzKq.npy,W
Yi9iHdfgIu.npy,W
W4mOuSFG5O.npy,W
jdSnvwlwmO.npy,W
fqzZsnPXrO.npy,W
0FpnecdV6Q.npy,W
6vKfps54X9.npy,W
1yrblpy7uU.npy,W
IaCImdrShN.npy,W
pzjudv2THn.npy,W
Cz1r9q1Krl.npy,W
cgWWm4cuUy.npy,W
M670I5fqKu.npy,W
3dFAYWvLFT.npy,W
Z0NgEJOt9r.npy,W
TmczBuxztK.npy,W
5JqKO3XbEc.npy,W
fd86wumKnH.npy,W
wzlBPOMS9u.npy,W
RaO5RijjtC.npy,W
GSaeD4YT14.npy,W
XTzhPWsaef.npy,W
KgckUQhNXE.npy,W
Odn0u6079n.npy,W
oaA805D1A6.npy,W
g0up2H1cON.npy,W
oWhgbXwbBp.npy,W
AlytgeInem.npy,W
XOdRH3D52y.npy,W
RPiMqqxoHv.npy,W
LeiQykcgoJ.npy,W
0GAMkKf6CJ.npy,W
szG7EBIkOB.npy,W
E1djWuxreK.npy,W
jdYUGQJl9W.npy,W
ozCXcDPM3Y.npy,W
p44nRYgAlR.npy,W
NZG5pbOhga.npy,W
lSTgXhUUU3.npy,W
mAr6naemxt.npy,W
5QecnMqXbg.npy,W
EXk8lvGhZi.npy,W
Hh2iF2JddG.npy,W
J3iYbCiXiu.npy,W
utKJsbi6YK.npy,W
pKq3EyUB6X.npy,W
Mak54Xt6DE.npy,W
E5UxI4nTnN.npy,W
B35jgEmKxw.npy,W
XpaWw1gmMw.npy,W
9m9AZUiGbw.npy,W
SPyAOqgrZU.npy,W
NPh0dthuZK.npy,W
GWQVcdniuz.npy,W
ZIFwHWNQXq.npy,W
JsEtvs2DVV.npy,W
tJySv7M0Wq.npy,W
yp94wtNyr5.npy,W
M7V1jIZsWW.npy,W
38Pl6k2KgJ.npy,W
JtspZ8rGBR.npy,W
YRYvfiwFSO.npy,W
bSKuuAgy4P.npy,W
YmRya9gGcI.npy,W
AI3yV9Rbvx.npy,W
vh4An63HSr.npy,W
ySRDG1BYj3.npy,W
NiUetEUp9s.npy,W
FETggm93p7.npy,W
GrAQrn2pkv.npy,W
KwTSguCu6B.npy,W
0KUbRdKs90.npy,W
DWLmCRwcHx.npy,W
Z34gUFrtcT.npy,W
bkKhTbyTNY.npy,W
J486otK1xQ.npy,W
pQW2x31QGD.npy,W
IBs4Q5jX5U.npy,W
OdNAPPNKKe.npy,W
CTT5JhMi2D.npy,W
znAD6RtuD6.npy,W
gN98r9g0mt.npy,W
cwRUPaAbRo.npy,W
vKtorNhZMX.npy,W
WfNDG3evwz.npy,W
HFhOFstNUP.npy,W
1BzkomX5wJ.npy,W
Ss3wL3isFx.npy,W
OkdJAVSM7J.npy,W
VWj2zQwWRq.npy,W
nPDQxWYAMU.npy,W
WosTO3hFhZ.npy,W
OX3M094Ggc.npy,W
XEUjmazI3Q.npy,W
3kMdwqgniD.npy,W
lMPs6uhnuD.npy,W
mjOa1uVPbR.npy,W
80j84kffZV.npy,W
tFbPfX9jxD.npy,W
fpd6qwUdhA.npy,W
bMOj2kkycJ.npy,W
Kt7nrer2Vr.npy,W
A4VjEfrfD7.npy,W
SrDxesdGBB.npy,W
pFrRVUjWu2.npy,W
6XCNnmyPaa.npy,W
hFP5SBaWf4.npy,W
A1alFawEPj.npy,W
fkANXROPBw.npy,W
GQ1Hye5Wu4.npy,W
cMnWCRA6fC.npy,W
cNUDtZsByx.npy,W
n8MqoG9g9W.npy,W
eVvcFP5Hit.npy,W
4o6MCcTGBm.npy,W
Z93CiowhZT.npy,W
iKlef7Or2M.npy,W
0j9CXq7QSY.npy,W
IwZDDFi4l0.npy,W
eEWMa0jfKW.npy,W
Rjcy7sQC93.npy,W
f3EpGfbzaL.npy,W
eICic60Cwi.npy,W
ntH2ceJ6b1.npy,W
O3LY617b3E.npy,W
TYMTiIXWft.npy,W
htQ3ULvSEk.npy,W
RqkG6bfHPo.npy,W
qS5MhaoSRx.npy,W
h0dLsKA2WF.npy,W
OBjxOV1qyG.npy,W
20yTzsXzfi.npy,W
qiXpuQAey7.npy,W
38kfHHjphI.npy,W
PA6aXIQ3GU.npy,W
pa0PE6mJtO.npy,W
lqHprTRGJn.npy,W
UL4wQ7pW8g.npy,W
wQPal6aKZD.npy,W
Tt8Im0WwPB.npy,W
i1PeATrMHb.npy,W
41dwMkY62R.npy,W
seNbaO6z7B.npy,W
RSdO9nb42v.npy,W
ptwLx2EiQg.npy,W
GFUyXLAp0e.npy,W
SSoRMnuzlx.npy,W
H5Nf6m9Vg0.npy,W
AybBmQHsAA.npy,W
D08NBpMFzK.npy,W
Rrv1CZY4ap.npy,W
A4Ecwqughm.npy,W
CbEiVYoomt.npy,W
j5fbSX2wvO.npy,W
0Sv2hMpelv.npy,W
GBLN7bqk9Y.npy,W
lH44THKnAK.npy,W
ngHmwSI4z4.npy,W
DJHdeOUfAi.npy,W
OaTHFO2Ri9.npy,W
AkJ9lOV6zw.npy,W
iIHZ9N0rGA.npy,W
mdDdQbhVgx.npy,W
nIozmwkU7a.npy,W
k0uHU8Kcxv.npy,W
bzK9k0NhW7.npy,W
jKNTAPA987.npy,W
QnW2aX4C6W.npy,W
agqwwnpUEG.npy,W
vSB9pNDR2u.npy,W
vp43ElyqCs.npy,W
NSPeKHWaRh.npy,W
ZClho1eH5B.npy,W
BUz6m9J0ng.npy,W
4HwygN2VRe.npy,W
KMRjEKIqY0.npy,W
oyBHiKuayI.npy,W
FnK4NKqsDi.npy,W
KRepY4tzKQ.npy,W
4StLvQtaCK.npy,W
cuWW3p9xda.npy,W
4wjslGuZrF.npy,W
9t3AoFQu3b.npy,W
3k8jYdSV2C.npy,W
xmiy4suZiE.npy,W
pQdCufzlc3.npy,W
GtrrjSK7Ox.npy,W
pOlGHrUgNw.npy,W
dfSHuUKoDE.npy,W
lEi3RMdeSh.npy,W
JJ49pmkEfw.npy,W
yL31YmPXNK.npy,W
yyyBrb8r7g.npy,W
0l5WheLUKF.npy,W
nSFAd7luN8.npy,W
0Sg7J5FGYS.npy,W
7RnTsbbR9P.npy,W
XDlyGTucQ7.npy,W
X7GUCBRb3G.npy,W
wsGQNdKZnV.npy,W
jmoQd9au0S.npy,W
D2WmtqP8F9.npy,W
fSxQWNBPjj.npy,W
6Nk1hTba3f.npy,W
5rF6GvDtMe.npy,W
nztn91nu6g.npy,W
kUZuw3gdRN.npy,W
Bu8Ndd6zKt.npy,W
jlDbkhCHdF.npy,W
SUS93grLkA.npy,W
rJ3kRgVvY7.npy,W
2BmTlgi35G.npy,W
oKW6FoFZ1v.npy,W
C0aNyjTwqI.npy,W
wV35sz3KXH.npy,W
QhyQklpNVq.npy,W
rTHPPxkl8C.npy,W
ip8zBm6XCA.npy,W
Sre3pZGrbn.npy,W
GJ2d1RXxvB.npy,W
7kNbJDn1JY.npy,W
CXqi5pdk4Z.npy,W
T7MTvHNCxt.npy,W
iPlCIhfwFN.npy,W
8MhZtLPyml.npy,W
NtxM8bPngk.npy,W
ZF5YZz4KXT.npy,W
dn9qeUcXFB.npy,W
LFwojxFGCJ.npy,W
7sX5NDsIFg.npy,W
y6eE3Dr1Rc.npy,W
vdSMP4fuKd.npy,W
U4ADTJtiyQ.npy,W
7PcafOtsRe.npy,W
4GVb5c5Wep.npy,W
TxMI89jonV.npy,W
yv0pB829c4.npy,W
HcnyqEVEeU.npy,W
yymT5Itsp2.npy,W
VdoISgF9Wo.npy,W
ybKOBh00pS.npy,W
SPrzywu5bX.npy,W
rfTlIbE8JH.npy,W
EUPZWsWMqx.npy,W
cFr04F8LqO.npy,W
VqvaJiqbnW.npy,W
PLb0WzJn6p.npy,W
WAjwVJOZIp.npy,W
mZHOmHCkHj.npy,W
bi5J69pdgp.npy,W
9NC2Iw1NfV.npy,W
ipFxYRXpYP.npy,W
WdXRcKDFiq.npy,W
EArMlietC5.npy,W
Z5TIsM4OWI.npy,W
mViXAa3GTI.npy,W
ZjOglZQnPv.npy,W
ZWGbdOiKHW.npy,W
3UTYvIl72F.npy,W
txKQdGy118.npy,W
NPPWhcCfJs.npy,W
s2tnsHt3Pm.npy,W
OlDvCCAKQ7.npy,W
IhrUBaBGau.npy,W
sDQIn6Vdz3.npy,W
m0Oz9GqGqj.npy,W
7WBjLYn4x8.npy,W
7a5gpwyS6E.npy,W
r9ON4r42zY.npy,W
oRBuDCxFJh.npy,W
uNBgkEUabY.npy,W
5qfJAvh7E5.npy,W
NPvHU9OEWL.npy,W
zJCPpo9qSN.npy,W
sGuCyRuFbL.npy,W
wqyj5CQEEr.npy,W
VRqyheVKc2.npy,W
zH5JMkLY9P.npy,W
6UIa7rFEqF.npy,W
5E4gjDJZsl.npy,W
7LtQC5wwbA.npy,W
iec67cihbh.npy,W
4jgygozypW.npy,W
7H6a6R39cv.npy,W
Gzk6PKOiYu.npy,W
kulTOv5pIm.npy,W
B6YSo5cUVR.npy,W
TnGe6tDZmD.npy,W
z52REphyaA.npy,W
XJzN3z77Ws.npy,W
i2525mtydx.npy,W
diZQYCjz9Q.npy,W
Aj75k1CWgA.npy,W
Yn1KIiHYDK.npy,W
QWbLKL1TaJ.npy,W
6ysZkZFzyU.npy,W
7wfas0y0Kw.npy,W
sLtTIvxzxD.npy,W
p74Q4ylNYp.npy,W
fOIrJaEoQI.npy,W
42igvvDpWK.npy,W
OHPyP9HQLY.npy,W
cHsytnF4BV.npy,W
DCAPJwdEDC.npy,W
ps0G8cNHK5.npy,W
xt8sSwrTfA.npy,W
qnlEBgxq0B.npy,W
UKriV7AYIA.npy,W
doSs6qobF4.npy,W
UM8cvQUVtJ.npy,W
2OXarX6JJ4.npy,W
PKsHAICzM5.npy,W
5K023yVDVA.npy,W
ZyflYdu37c.npy,W
ds8wQkiKvv.npy,W
VdjVtFcxKy.npy,W
ZCsKcq1PdY.npy,W
NcNSygMSmL.npy,W
wAUFimYv2W.npy,W
MrDt3EU0F8.npy,W
C3vIUoand4.npy,W
XS3PPy3DsM.npy,W
asFMX3ycZy.npy,W
6nCiy8gw4A.npy,W
Lt1zfuzrhP.npy,W
Bq2NIPvDwA.npy,W
8esSL59BER.npy,W
hiKFtyTwXn.npy,W
5goxqqgSc0.npy,W
1VTuJQWqzU.npy,W
bziByhvDnA.npy,W
U8umu35g0F.npy,W
BMpXkliYzI.npy,W
qChZuGvzVk.npy,W
HXzyVzj155.npy,W
JtVKzB8zMg.npy,W
C5e2cBh9BQ.npy,W
7PGmCKbFyt.npy,W
pfEDD6Rmd6.npy,W
2atrqSKZXz.npy,W
a9lV9eKPgB.npy,W
5RZKhshE1x.npy,W
1B21OEKcar.npy,W
axASugcrav.npy,W
NZkK9dQu4R.npy,W
DXMa6FLpy5.npy,W
kdRdo9B1z7.npy,W
kcMGoagT5T.npy,W
vups0vOzZV.npy,W
jxNju71YJb.npy,W
kCtiawWkhP.npy,W
mMsf6GLlyb.npy,W
ac0oFGl91B.npy,W
TiKEnqb7ER.npy,W
nrIolDxZdm.npy,W
ggSy2vXdG8.npy,W
Q91tyGVQxK.npy,W
nUY42F7FQC.npy,W
cuz1eM3a2f.npy,W
AIdVAldlgi.npy,W
qVbDJV28CX.npy,W
64BnVN7bnY.npy,W
X1hKju497g.npy,W
3wDOfEb4Yy.npy,W
mizo75HZEC.npy,W
pHAknPpJDr.npy,W
KUXSI6X3W2.npy,W
IW1X1XDZgw.npy,W
U167sEbgHY.npy,W
vHt8WS2MFa.npy,W
p5dT4r9pDj.npy,W
ACT0KjvHBl.npy,W
LzWj9EOPlK.npy,W
pfxhqrEJXk.npy,W
tt2VHwrb8I.npy,W
l8BOg9CY06.npy,W
xdXQddW9qR.npy,W
SGiEvHsDH9.npy,W
aBbzusghgW.npy,W
loDYyMv7dY.npy,W
TPENcRNJxB.npy,W
rBLELL7rYW.npy,W
gHbxgzQyP7.npy,W
TumsKfdvQa.npy,W
PKMqDqDGUC.npy,W
FPeC6g3Spf.npy,W
v3IDIO4CyG.npy,W
PNYXqcNYSX.npy,W
DEPe5mzJkp.npy,W
p42GQbItPc.npy,W
NSdwXnG5fd.npy,W
FzeizuvgtF.npy,W
IOoqrO7F7C.npy,W
Gp5MgcurXW.npy,W
COrdsUHO1S.npy,W
nDBPQF7DDa.npy,W
fTvywqDgPx.npy,W
KbVcJTtTFf.npy,W
EKZD1gvbUd.npy,W
MTeNJgtCWO.npy,W
d888CZhdt7.npy,W
NFvZmTK2Zx.npy,W
llwL11Hxtn.npy,W
TeG4A9CVzx.npy,W
VdsvIJMvm3.npy,W
GzvGez9xOa.npy,W
s8YKCrmnI6.npy,W
U2QspEc624.npy,W
7ZYKEm76vT.npy,W
8EwaUlgxxa.npy,W
D9f5Qn6MN5.npy,W
87Lo5aV1LV.npy,W
OJ76P9r6CE.npy,W
hWsE7YBhvy.npy,W
ShminBqawb.npy,W
OgjWBvKR84.npy,W
Ctm51wQsyX.npy,W
PECh8mET4c.npy,W
Z7wzXGQurW.npy,W
ea97u70lK3.npy,W
7OKQmvIVtq.npy,W
1oSniPKpKg.npy,W
2WvD62AlDk.npy,W
RPHIl1yDGV.npy,W
yF32Ta59a0.npy,W
6bnHqpDORg.npy,W
oIdM0hsuwF.npy,W
d095x5d6jM.npy,W
EOhw4zrFJa.npy,W
xVNOaTAkRe.npy,W
WhOrLy0O8t.npy,W
ePKfo1swvL.npy,W
LsNGfkr1D6.npy,W
ytY63Ybm2U.npy,W
7xGXnCHsNV.npy,W
dEUaqCJDZt.npy,W
rGlBWlAUAm.npy,W
ylGrNss9S8.npy,W
gRHx3jb6Ll.npy,W
LnvLhDBkYE.npy,W
5Fo7fOXBTh.npy,W
pUdQcWrEUT.npy,W
sRPWMNp5yV.npy,W
fEprip81C5.npy,W
0FxEdg4KMB.npy,W
WXz3HvRjUJ.npy,W
320UA5DgRy.npy,W
3P47JJWkCT.npy,W
pHTOxZN9D9.npy,W
ltIZQZi5eH.npy,W
gS7HrgJ4FF.npy,W
oXJTVxB51I.npy,W
MxXYSH3pVF.npy,W
N6Tc3EQjDG.npy,W
yG9p4fCX89.npy,W
6LY0Rw4IGs.npy,W
RT0LFBi7DF.npy,W
JW7orWaSJo.npy,W
8l8KH82g9H.npy,W
LVQYiISzEV.npy,W
4L6vwO4D6O.npy,W
5chi9OAKaV.npy,W
YkCs6Q9wiv.npy,W
h1waqVdC01.npy,W
qsTSnlLfsP.npy,W
nn1WNR1fzE.npy,W
DhWV5lknH4.npy,W
m4e6JEzJI9.npy,W
MsW1awDWUY.npy,W
PV1fjJMjte.npy,W
6M7SX8zB9U.npy,W
rQRcYUpE3C.npy,W
mTaoTrFpSh.npy,W
PgHMAvsfa2.npy,W
DzMuJzaChl.npy,W
NSKl3eo7lP.npy,W
FzuLpiCPjw.npy,W
4l2VOLHuRy.npy,W
O4haFfSHUz.npy,W
dmBrXKKFgd.npy,W
8wmKpE2rBb.npy,W
j6tIscQpzq.npy,W
N2bGFxLNI1.npy,W
KL8j8xaCjc.npy,W
4V0CJdoT2S.npy,W
6wHZvCeLz0.npy,W
zalUBVFTGd.npy,W
zHzkQ13G4c.npy,W
rB2i036FMW.npy,W
vHNdmm7gIK.npy,W
95Mh56hqri.npy,W
Vq4p4aAlBB.npy,W
T53CYmrH5A.npy,W
OSRgD4Z2yZ.npy,W
TROYOXX1tj.npy,W
5LXKvZeFME.npy,W
siwS386wPO.npy,W
d7mn4vOlUD.npy,W
bqFRmN95wH.npy,W
622rRb3bLp.npy,W
NkcAnZqIZd.npy,W
LlHz1kQzV4.npy,W
bRVNw11VY2.npy,W
6Zu37CeJBe.npy,W
qliOADYq2S.npy,W
hspJv1NfpE.npy,W
kSTVpIW1Aw.npy,W
vFTZAgLPxS.npy,W
R1jVFLKfAI.npy,W
9ekxPQu3ZZ.npy,W
nTQ1yGh96r.npy,W
PvQgMzq3OV.npy,W
szFTM2ncKL.npy,W
NMe3tTko6r.npy,W
PwHshvj1tM.npy,W
TiV8VGqAZ4.npy,W
LuOQSiRlcj.npy,W
CI9odhDrNQ.npy,W
RyBrQORQp5.npy,W
RvCEvZTVzz.npy,W
p8oX4zDt3d.npy,W
vLvijdJlcc.npy,W
ApHwtt7VYG.npy,W
fnVZzYifyG.npy,W
aKrXJef6va.npy,W
Dc2VvNLa3L.npy,W
Rh0TPCQvU8.npy,W
WqLfvfh1rZ.npy,W
3GHapeHBc2.npy,W
ZiymDVueJZ.npy,W
0bSst06dVf.npy,W
CJUn3W4AM9.npy,W
hd0e49fi3E.npy,W
nGwjWGOrvz.npy,W
rYrkR3ME84.npy,W
xINciDYyMe.npy,W
xI3AprEXnF.npy,W
XWnwQzT8ug.npy,W
qiRnffnkJV.npy,W
Twww0SQiUx.npy,W
XaT1MF5dvB.npy,W
Iu4WgHp0wc.npy,W
8zV6phhapK.npy,W
2DCJYj4zIR.npy,W
KibOa6bTx4.npy,W
h7cZ6CDJyK.npy,W
tkCf0WyyFk.npy,W
U0CveQAe7b.npy,W
gpEN0XUz5q.npy,W
QFazvx8H43.npy,W
xQKn16y5xS.npy,W
JOFAB81ZOP.npy,W
N72XTyLgOG.npy,W
AB0nuYNfa0.npy,W
PlW8wwjF75.npy,W
nCBHTTTKLz.npy,W
fDrsRhi2v7.npy,W
NAnbePMCus.npy,W
TJtJMYmGly.npy,W
cP5o5bXcgL.npy,W
YnP2KWc1CI.npy,W
A98TnCABy2.npy,W
taBp3R9QFq.npy,W
ARDv6Ln9Y0.npy,W
78bWh2z1bd.npy,W
Oi58lKDvJw.npy,W
ItjQZSyRcl.npy,W
KiOzIom7Yw.npy,W
cJZeO8g4VT.npy,W
WFZCp3Nmab.npy,W
VVblonh2QO.npy,W
AdiOqHAbPo.npy,W
9xtgLwJ58h.npy,W
oEgE0oX5Ns.npy,W
ODPSJ06ayK.npy,W
0l0yGvsJgc.npy,W
44qT0PhVVo.npy,W
lr4y07JWyn.npy,W
miu3vpmK62.npy,W
tmbleAKGTO.npy,W
Ai5BOrmHk9.npy,W
usdIaHwejj.npy,W
2BpzBN4d14.npy,W
1KkHls9Wia.npy,W
fRdTxfycyy.npy,W
74qW9B9N3E.npy,W
7JujuKXNel.npy,W
oh63JXw5VQ.npy,W
